name,mark,director,release_time,length,imdb_link,cover_link,summary
霸王别姬,9.5,陈凯歌,上映日期:,171 分钟,http://www.imdb.com/title/tt0106332,https://img3.doubanio.com/view/photo/s_ratio_poster/public/p1910813120.jpg,"
                                　　段小楼（张丰毅）与程蝶衣（张国荣）是一对打小一起长大的师兄弟，两人一个演生，一个饰旦，一向配合天衣无缝，尤其一出《霸王别姬》，更是誉满京城，为此，两人约定合演一辈子《霸王别姬》。但两人对戏剧与人生关系的理解有本质不同，段小楼深知戏非人生，程蝶衣则是人戏不分。
                                    "
大话西游之大圣娶亲,9.2,刘镇伟,语言:,2017-04-13(中国大陆重映),http://www.imdb.com/title/tt0114996,https://img3.doubanio.com/view/photo/s_ratio_poster/public/p2455050536.jpg,"
                                　　至尊宝（周星驰 饰）被月光宝盒带回到五百年前，遇见紫霞仙子（朱茵 饰），被对方打上烙印成为对方的人，并发觉自己已变成孙悟空。
                                    "
海上钢琴师,9.2,朱塞佩·托纳多雷,1998-10-28(意大利),又名:,http://www.imdb.com/title/tt0120731,https://img1.doubanio.com/view/photo/s_ratio_poster/public/p511146807.jpg,"
                                　　本片讲述了一个钢琴天才传奇的一生。
                                    "
机器人总动员,9.3,安德鲁·斯坦顿,制片国家/地区:,2008-06-27(美国),http://www.pixar.com/feature-films/walle,https://img3.doubanio.com/view/photo/s_ratio_poster/public/p1461851991.jpg,"
                                　　公元2805年，人类文明高度发展，却因污染和生活垃圾大量增加使得地球不再适于人类居住。地球人被迫乘坐飞船离开故乡，进行一次漫长无边的宇宙之旅。临行前他们委托Buynlarge的公司对地球垃圾进行清理，该公司开发了名为WALL·E（Waste Allocation Loa d Lifters – Earth 地球废品分装员）的机器人担当此重任。
                                    "
楚门的世界,9.1,彼得·威尔,1998-06-05(美国),又名:,http://www.imdb.com/title/tt0120382,https://img3.doubanio.com/view/photo/s_ratio_poster/public/p479682972.jpg,"
                                　　楚门（金•凯瑞 Jim Carrey 饰）是一个平凡得不能再平凡的人，除了一些有些稀奇的经历之外——初恋女友突然失踪、溺水身亡的父亲忽然似乎又出现在眼前，他和绝大多数30多岁的美国男人绝无异样。这令他倍感失落。他也曾试过离开自己生活了多年的地方，但总因种种理由而不能成行。
                                    "
放牛班的春天,9.2,克里斯托夫·巴拉蒂,2004-10-16(中国大陆),97 分钟,http://www.imdb.com/title/tt0372824,https://img3.doubanio.com/view/photo/s_ratio_poster/public/p1910824951.jpg,"
                                　　1949年的法国乡村，音乐家克莱门特（杰勒德•尊诺 饰）到了一间外号叫“塘低”的男子寄宿学校当助理教师。学校里的学生大部分都是难缠的问题儿童，体罚在这里司空见惯，学校的校长（弗朗西斯•贝尔兰德 饰）只顾自己的前途，残暴高压。
                                    "
三傻大闹宝莱坞,9.2,拉吉库马尔·希拉尼,语言:,2009-12-25(印度),http://www.imdb.com/title/tt1187043,https://img3.doubanio.com/view/photo/s_ratio_poster/public/p579729551.jpg,"
                            "
忠犬八公的故事,9.2,拉斯·霍尔斯道姆,2010-03-12(英国),又名:,http://www.imdb.com/title/tt1028532,https://img3.doubanio.com/view/photo/s_ratio_poster/public/p524964016.jpg,"
                            "
肖申克的救赎,9.6,弗兰克·德拉邦特,1994-09-10(多伦多电影节),142 分钟,http://www.imdb.com/title/tt0111161,https://img3.doubanio.com/view/photo/s_ratio_poster/public/p480747492.jpg,"
                            "
盗梦空间,9.3,克里斯托弗·诺兰,语言:,2010-07-16(美国),http://www.imdb.com/title/tt1375666,https://img3.doubanio.com/view/photo/s_ratio_poster/public/p513344864.jpg,"
                            "
辛德勒的名单,9.4,史蒂文·斯皮尔伯格,上映日期:,片长:,http://www.imdb.com/title/tt0108052,https://img3.doubanio.com/view/photo/s_ratio_poster/public/p492406163.jpg,"
                                　　1939年，波兰在纳粹德国的统治下，党卫军对犹太人进行了隔离统治。德国商人奥斯卡·辛德勒（连姆·尼森 Liam Neeson 饰）来到德军统治下的克拉科夫，开设了一间搪瓷厂，生产军需用品。凭着出众的社交能力和大量的金钱，辛德勒和德军建立了良好的关系，他的工厂雇用犹太人工作，大发战争财。
                                    "
泰坦尼克号,9.2,詹姆斯·卡梅隆,上映日期:,1997-12-19(美国),http://www.imdb.com/title/tt0120338,https://img3.doubanio.com/view/photo/s_ratio_poster/public/p457760035.jpg,"
                                　　1912年4月10日，号称 “世界工业史上的奇迹”的豪华客轮泰坦尼克号开始了自己的处女航，从英国的南安普顿出发驶往美国纽约。富家少女罗丝（凯特•温丝莱特）与母亲及未婚夫卡尔坐上了头等舱；另一边，放荡不羁的少年画家杰克（莱昂纳多·迪卡普里奥）也在码头的一场赌博中赢得了下等舱的船票。
                                    "
千与千寻,9.2,宫崎骏,上映日期:,125分钟,http://www.imdb.com/title/tt0245429,https://img3.doubanio.com/view/photo/s_ratio_poster/public/p1606727862.jpg,"
                                　　千寻和爸爸妈妈一同驱车前往新家，在郊外的小路上不慎进入了神秘的隧道——他们去到了另外一个诡异世界—一个中世纪的小镇。远处飘来食物的香味，爸爸妈妈大快朵颐，孰料之后变成了猪！这时小镇上渐渐来了许多样子古怪、半透明的人。
                                    "
美丽人生,9.5,罗伯托·贝尼尼,语言:,片长:,http://www.imdb.com/title/tt0118799,https://img3.doubanio.com/view/photo/s_ratio_poster/public/p510861873.jpg,"
                                　　犹太青年圭多（罗伯托·贝尼尼）邂逅美丽的女教师多拉（尼可莱塔·布拉斯基），他彬彬有礼的向多拉鞠躬：“早安！公主！”。历经诸多令人啼笑皆非的周折后，天遂人愿，两人幸福美满的生活在一起。
                                    "
阿甘正传,9.4,罗伯特·泽米吉斯,1994-06-23(洛杉矶首映),142 分钟,http://www.imdb.com/title/tt0109830,https://img1.doubanio.com/view/photo/s_ratio_poster/public/p510876377.jpg,"
                                　　阿甘（汤姆·汉克斯 饰）于二战结束后不久出生在美国南方阿拉巴马州一个闭塞的小镇，他先天弱智，智商只有75，然而他的妈妈是一个性格坚强的女性，她常常鼓励阿甘“傻人有傻福”，要他自强不息。
                                    "
这个杀手不太冷,9.4,吕克·贝松,上映日期:,110分钟(剧场版),http://www.imdb.com/title/tt0110413,https://img3.doubanio.com/view/photo/s_ratio_poster/public/p511118051.jpg,"
                                　　里昂（让·雷诺饰）是名孤独的职业杀手，受人雇佣。一天，邻居家小姑娘马蒂尔达（纳塔丽·波特曼饰)敲开他的房门，要求在他那里暂避杀身之祸。原来邻居家的主人是警方缉毒组的眼线，只因贪污了一小包毒品而遭恶警（加里·奥德曼饰）杀害全家的惩罚。马蒂尔达得到里昂的留救，幸免于难，并留在里昂那里。里昂教小女孩使枪，她教里昂法文，两人关系日趋亲密，相处融洽。
                                    "
天堂电影院,9.1,朱塞佩·托纳多雷,1988-11-17(意大利),又名:,http://www.imdb.com/title/tt0095765,https://img3.doubanio.com/view/photo/s_ratio_poster/public/p1910901025.jpg,"
                            "
当幸福来敲门,8.9,加布里埃莱·穆奇诺,上映日期:,片长:,http://www.imdb.com/title/tt0454921,https://img1.doubanio.com/view/photo/s_ratio_poster/public/p1312700628.jpg,"
                                　　克里斯•加纳（威尔·史密斯 Will Smith 饰）用尽全部积蓄买下了高科技治疗仪，到处向医院推销，可是价格高昂，接受的人不多。就算他多努力都无法提供一个良好的生活环境给妻儿，妻子（桑迪·牛顿 Thandie Newton 饰）最终选择离开家。从此他带着儿子克里斯托夫（贾登·史密斯 Jaden Smith 饰）相依为命。克里斯好不容易争取回来一个股票投资公司实习的机会，就算没有报酬，成功机会只有百分之五，他仍努力奋斗，儿子是他的力量。他看尽白眼，与儿子躲在地铁站里的公共厕所里，住在教堂的收容所里…… 他坚信，幸福明天就会来临。
                        "
无间道,9.0,刘伟强,上映日期:,片长:,http://www.imdb.com/title/tt0338564,https://img3.doubanio.com/view/photo/s_ratio_poster/public/p2233971046.jpg,"
                                　　1991年，香港黑帮三合会会员刘健明（刘德华）听从老大韩琛（曾志伟）的吩咐，加入警察部队成为黑帮卧底，韩琛许诺刘健明会帮其在七年后晋升为见习督察。1992年，警察训练学校优秀学员陈永仁（梁朝伟）被上级要求深入到三合会做卧底，终极目标是成为韩琛身边的红人。2002年，两人都不负重望，也都身背重压，刘健明渐想成为一个真正的好人，陈永仁则盼着尽快回归警察身份。
                                    "
触不可及,9.1,奥利维埃·纳卡什,2011-11-02(法国),又名:,http://www.imdb.com/title/tt1675434,https://img3.doubanio.com/view/photo/s_ratio_poster/public/p1454261925.jpg,"
                                　　因为一次跳伞事故，白人富翁菲利普Philippe（弗朗索瓦·克鲁塞 François Cluzet 饰）瘫痪在床，欲招聘一名全职陪护。由于薪酬高，应聘者云集，个个舌灿莲花，却无法打动他的心。直到黑人德希斯Driss（奥玛·赛 Omar Sy 饰）的出现才让他作出决定。德希斯刚从监狱出来，背负家庭重担，一心只想寻张辞退信以申领救济金，而且他明显对女助理的兴趣要远大于这份工作。但是菲利普还是一眼相中了这个小伙子。于是，德希斯开始了一个月的试用期。虽然舒适的豪宅环境让他倍感虚荣，但是他仍面临很多挑战：不仅要为菲利普作身体复健，还得给他洗浴、灌肠、拆信、穿丝袜等。起初，两人的思维方式与价值观大相径庭，但是，随着了解的不断深入，他们成为了朋友……
                                    "
星际穿越,9.2,克里斯托弗·诺兰,上映日期:,片长:,http://www.imdb.com/title/tt0816692,https://img3.doubanio.com/view/photo/s_ratio_poster/public/p2206088801.jpg,"
                            "
乱世佳人,9.2,维克多·弗莱明,语言:,1940-01-17(美国),http://www.imdb.com/title/tt0031381,https://img3.doubanio.com/view/photo/s_ratio_poster/public/p1963126880.jpg,"
                                　　美国南北战争前夕，南方农场塔拉庄园的千金斯嘉丽（费雯·丽 Vivien Leigh 饰）爱上了另一个农场主的儿子艾希礼（莱斯利·霍华德 Leslie Howard 饰），遭到了拒绝，为了报复，她嫁给了自己不爱的男人，艾希礼妻子梅兰（奥利维娅·德哈维兰 Olivia de Havilland 饰）的弟弟查尔斯。
                                    "
龙猫,9.1,宫崎骏,语言:,片长:,http://www.imdb.com/title/tt0096283,https://img1.doubanio.com/view/photo/s_ratio_poster/public/p537668599.jpg,"
                                　　小月的母亲生病住院了，父亲带着她与四岁的妹妹小梅到乡间的居住。她们对那里的环境都感到十分新奇，也发现了很多有趣的事情。她们遇到了很多小精灵，她们来到属于她们的环境中，看到了她们世界中很多的奇怪事物，更与一只大大胖胖的龙猫成为了朋友。龙猫与小精灵们利用他们的神奇力量，为小月与妹妹带来了很多神奇的景观，令她们大开眼界。
                                    "
教父,9.2,弗朗西斯·福特·科波拉,1972-03-15(纽约首映),175 分钟,http://www.imdb.com/title/tt0068646,https://img3.doubanio.com/view/photo/s_ratio_poster/public/p2190556185.jpg,"
                                　　40年代的美国，“教父”维托·唐·柯里昂（马龙·白兰度 饰）是黑手党柯里昂家族的首领，带领家族从事非法的勾当，但同时他也是许多弱小平民的保护神，深得人们爱戴。
                                    "
霸王别姬,9.5,陈凯歌,上映日期:,171 分钟,http://www.imdb.com/title/tt0106332,https://img3.doubanio.com/view/photo/s_ratio_poster/public/p1910813120.jpg,"
                                　　段小楼（张丰毅）与程蝶衣（张国荣）是一对打小一起长大的师兄弟，两人一个演生，一个饰旦，一向配合天衣无缝，尤其一出《霸王别姬》，更是誉满京城，为此，两人约定合演一辈子《霸王别姬》。但两人对戏剧与人生关系的理解有本质不同，段小楼深知戏非人生，程蝶衣则是人戏不分。
                                    "
肖申克的救赎,9.6,弗兰克·德拉邦特,1994-09-10(多伦多电影节),142 分钟,http://www.imdb.com/title/tt0111161,https://img3.doubanio.com/view/photo/s_ratio_poster/public/p480747492.jpg,"
                            "
教父,9.2,弗朗西斯·福特·科波拉,1972-03-15(纽约首映),175 分钟,http://www.imdb.com/title/tt0068646,https://img3.doubanio.com/view/photo/s_ratio_poster/public/p2190556185.jpg,"
                                　　40年代的美国，“教父”维托·唐·柯里昂（马龙·白兰度 饰）是黑手党柯里昂家族的首领，带领家族从事非法的勾当，但同时他也是许多弱小平民的保护神，深得人们爱戴。
                                    "
楚门的世界,9.1,彼得·威尔,1998-06-05(美国),又名:,http://www.imdb.com/title/tt0120382,https://img3.doubanio.com/view/photo/s_ratio_poster/public/p479682972.jpg,"
                                　　楚门（金•凯瑞 Jim Carrey 饰）是一个平凡得不能再平凡的人，除了一些有些稀奇的经历之外——初恋女友突然失踪、溺水身亡的父亲忽然似乎又出现在眼前，他和绝大多数30多岁的美国男人绝无异样。这令他倍感失落。他也曾试过离开自己生活了多年的地方，但总因种种理由而不能成行。
                                    "
大话西游之大圣娶亲,9.2,刘镇伟,语言:,2017-04-13(中国大陆重映),http://www.imdb.com/title/tt0114996,https://img3.doubanio.com/view/photo/s_ratio_poster/public/p2455050536.jpg,"
                                　　至尊宝（周星驰 饰）被月光宝盒带回到五百年前，遇见紫霞仙子（朱茵 饰），被对方打上烙印成为对方的人，并发觉自己已变成孙悟空。
                                    "
触不可及,9.1,奥利维埃·纳卡什,2011-11-02(法国),又名:,http://www.imdb.com/title/tt1675434,https://img3.doubanio.com/view/photo/s_ratio_poster/public/p1454261925.jpg,"
                                　　因为一次跳伞事故，白人富翁菲利普Philippe（弗朗索瓦·克鲁塞 François Cluzet 饰）瘫痪在床，欲招聘一名全职陪护。由于薪酬高，应聘者云集，个个舌灿莲花，却无法打动他的心。直到黑人德希斯Driss（奥玛·赛 Omar Sy 饰）的出现才让他作出决定。德希斯刚从监狱出来，背负家庭重担，一心只想寻张辞退信以申领救济金，而且他明显对女助理的兴趣要远大于这份工作。但是菲利普还是一眼相中了这个小伙子。于是，德希斯开始了一个月的试用期。虽然舒适的豪宅环境让他倍感虚荣，但是他仍面临很多挑战：不仅要为菲利普作身体复健，还得给他洗浴、灌肠、拆信、穿丝袜等。起初，两人的思维方式与价值观大相径庭，但是，随着了解的不断深入，他们成为了朋友……
                                    "
星际穿越,9.2,克里斯托弗·诺兰,上映日期:,片长:,http://www.imdb.com/title/tt0816692,https://img3.doubanio.com/view/photo/s_ratio_poster/public/p2206088801.jpg,"
                            "
乱世佳人,9.2,维克多·弗莱明,语言:,1940-01-17(美国),http://www.imdb.com/title/tt0031381,https://img3.doubanio.com/view/photo/s_ratio_poster/public/p1963126880.jpg,"
                                　　美国南北战争前夕，南方农场塔拉庄园的千金斯嘉丽（费雯·丽 Vivien Leigh 饰）爱上了另一个农场主的儿子艾希礼（莱斯利·霍华德 Leslie Howard 饰），遭到了拒绝，为了报复，她嫁给了自己不爱的男人，艾希礼妻子梅兰（奥利维娅·德哈维兰 Olivia de Havilland 饰）的弟弟查尔斯。
                                    "
龙猫,9.1,宫崎骏,语言:,片长:,http://www.imdb.com/title/tt0096283,https://img1.doubanio.com/view/photo/s_ratio_poster/public/p537668599.jpg,"
                                　　小月的母亲生病住院了，父亲带着她与四岁的妹妹小梅到乡间的居住。她们对那里的环境都感到十分新奇，也发现了很多有趣的事情。她们遇到了很多小精灵，她们来到属于她们的环境中，看到了她们世界中很多的奇怪事物，更与一只大大胖胖的龙猫成为了朋友。龙猫与小精灵们利用他们的神奇力量，为小月与妹妹带来了很多神奇的景观，令她们大开眼界。
                                    "
放牛班的春天,9.2,克里斯托夫·巴拉蒂,2004-10-16(中国大陆),97 分钟,http://www.imdb.com/title/tt0372824,https://img3.doubanio.com/view/photo/s_ratio_poster/public/p1910824951.jpg,"
                                　　1949年的法国乡村，音乐家克莱门特（杰勒德•尊诺 饰）到了一间外号叫“塘低”的男子寄宿学校当助理教师。学校里的学生大部分都是难缠的问题儿童，体罚在这里司空见惯，学校的校长（弗朗西斯•贝尔兰德 饰）只顾自己的前途，残暴高压。
                                    "
忠犬八公的故事,9.2,拉斯·霍尔斯道姆,2010-03-12(英国),又名:,http://www.imdb.com/title/tt1028532,https://img3.doubanio.com/view/photo/s_ratio_poster/public/p524964016.jpg,"
                            "
三傻大闹宝莱坞,9.2,拉吉库马尔·希拉尼,语言:,2009-12-25(印度),http://www.imdb.com/title/tt1187043,https://img3.doubanio.com/view/photo/s_ratio_poster/public/p579729551.jpg,"
                            "
海上钢琴师,9.2,朱塞佩·托纳多雷,1998-10-28(意大利),又名:,http://www.imdb.com/title/tt0120731,https://img1.doubanio.com/view/photo/s_ratio_poster/public/p511146807.jpg,"
                                　　本片讲述了一个钢琴天才传奇的一生。
                                    "
机器人总动员,9.3,安德鲁·斯坦顿,制片国家/地区:,2008-06-27(美国),http://www.pixar.com/feature-films/walle,https://img3.doubanio.com/view/photo/s_ratio_poster/public/p1461851991.jpg,"
                                　　公元2805年，人类文明高度发展，却因污染和生活垃圾大量增加使得地球不再适于人类居住。地球人被迫乘坐飞船离开故乡，进行一次漫长无边的宇宙之旅。临行前他们委托Buynlarge的公司对地球垃圾进行清理，该公司开发了名为WALL·E（Waste Allocation Loa d Lifters – Earth 地球废品分装员）的机器人担当此重任。
                                    "
盗梦空间,9.3,克里斯托弗·诺兰,语言:,2010-07-16(美国),http://www.imdb.com/title/tt1375666,https://img3.doubanio.com/view/photo/s_ratio_poster/public/p513344864.jpg,"
                            "
天堂电影院,9.1,朱塞佩·托纳多雷,1988-11-17(意大利),又名:,http://www.imdb.com/title/tt0095765,https://img3.doubanio.com/view/photo/s_ratio_poster/public/p1910901025.jpg,"
                            "
当幸福来敲门,8.9,加布里埃莱·穆奇诺,上映日期:,片长:,http://www.imdb.com/title/tt0454921,https://img1.doubanio.com/view/photo/s_ratio_poster/public/p1312700628.jpg,"
                                　　克里斯•加纳（威尔·史密斯 Will Smith 饰）用尽全部积蓄买下了高科技治疗仪，到处向医院推销，可是价格高昂，接受的人不多。就算他多努力都无法提供一个良好的生活环境给妻儿，妻子（桑迪·牛顿 Thandie Newton 饰）最终选择离开家。从此他带着儿子克里斯托夫（贾登·史密斯 Jaden Smith 饰）相依为命。克里斯好不容易争取回来一个股票投资公司实习的机会，就算没有报酬，成功机会只有百分之五，他仍努力奋斗，儿子是他的力量。他看尽白眼，与儿子躲在地铁站里的公共厕所里，住在教堂的收容所里…… 他坚信，幸福明天就会来临。
                        "
无间道,9.0,刘伟强,上映日期:,片长:,http://www.imdb.com/title/tt0338564,https://img3.doubanio.com/view/photo/s_ratio_poster/public/p2233971046.jpg,"
                                　　1991年，香港黑帮三合会会员刘健明（刘德华）听从老大韩琛（曾志伟）的吩咐，加入警察部队成为黑帮卧底，韩琛许诺刘健明会帮其在七年后晋升为见习督察。1992年，警察训练学校优秀学员陈永仁（梁朝伟）被上级要求深入到三合会做卧底，终极目标是成为韩琛身边的红人。2002年，两人都不负重望，也都身背重压，刘健明渐想成为一个真正的好人，陈永仁则盼着尽快回归警察身份。
                                    "
辛德勒的名单,9.4,史蒂文·斯皮尔伯格,上映日期:,片长:,http://www.imdb.com/title/tt0108052,https://img3.doubanio.com/view/photo/s_ratio_poster/public/p492406163.jpg,"
                                　　1939年，波兰在纳粹德国的统治下，党卫军对犹太人进行了隔离统治。德国商人奥斯卡·辛德勒（连姆·尼森 Liam Neeson 饰）来到德军统治下的克拉科夫，开设了一间搪瓷厂，生产军需用品。凭着出众的社交能力和大量的金钱，辛德勒和德军建立了良好的关系，他的工厂雇用犹太人工作，大发战争财。
                                    "
泰坦尼克号,9.2,詹姆斯·卡梅隆,上映日期:,1997-12-19(美国),http://www.imdb.com/title/tt0120338,https://img3.doubanio.com/view/photo/s_ratio_poster/public/p457760035.jpg,"
                                　　1912年4月10日，号称 “世界工业史上的奇迹”的豪华客轮泰坦尼克号开始了自己的处女航，从英国的南安普顿出发驶往美国纽约。富家少女罗丝（凯特•温丝莱特）与母亲及未婚夫卡尔坐上了头等舱；另一边，放荡不羁的少年画家杰克（莱昂纳多·迪卡普里奥）也在码头的一场赌博中赢得了下等舱的船票。
                                    "
千与千寻,9.2,宫崎骏,上映日期:,125分钟,http://www.imdb.com/title/tt0245429,https://img3.doubanio.com/view/photo/s_ratio_poster/public/p1606727862.jpg,"
                                　　千寻和爸爸妈妈一同驱车前往新家，在郊外的小路上不慎进入了神秘的隧道——他们去到了另外一个诡异世界—一个中世纪的小镇。远处飘来食物的香味，爸爸妈妈大快朵颐，孰料之后变成了猪！这时小镇上渐渐来了许多样子古怪、半透明的人。
                                    "
美丽人生,9.5,罗伯托·贝尼尼,语言:,片长:,http://www.imdb.com/title/tt0118799,https://img3.doubanio.com/view/photo/s_ratio_poster/public/p510861873.jpg,"
                                　　犹太青年圭多（罗伯托·贝尼尼）邂逅美丽的女教师多拉（尼可莱塔·布拉斯基），他彬彬有礼的向多拉鞠躬：“早安！公主！”。历经诸多令人啼笑皆非的周折后，天遂人愿，两人幸福美满的生活在一起。
                                    "
阿甘正传,9.4,罗伯特·泽米吉斯,1994-06-23(洛杉矶首映),142 分钟,http://www.imdb.com/title/tt0109830,https://img1.doubanio.com/view/photo/s_ratio_poster/public/p510876377.jpg,"
                                　　阿甘（汤姆·汉克斯 饰）于二战结束后不久出生在美国南方阿拉巴马州一个闭塞的小镇，他先天弱智，智商只有75，然而他的妈妈是一个性格坚强的女性，她常常鼓励阿甘“傻人有傻福”，要他自强不息。
                                    "
这个杀手不太冷,9.4,吕克·贝松,上映日期:,110分钟(剧场版),http://www.imdb.com/title/tt0110413,https://img3.doubanio.com/view/photo/s_ratio_poster/public/p511118051.jpg,"
                                　　里昂（让·雷诺饰）是名孤独的职业杀手，受人雇佣。一天，邻居家小姑娘马蒂尔达（纳塔丽·波特曼饰)敲开他的房门，要求在他那里暂避杀身之祸。原来邻居家的主人是警方缉毒组的眼线，只因贪污了一小包毒品而遭恶警（加里·奥德曼饰）杀害全家的惩罚。马蒂尔达得到里昂的留救，幸免于难，并留在里昂那里。里昂教小女孩使枪，她教里昂法文，两人关系日趋亲密，相处融洽。
                                    "
少年派的奇幻漂流,9.0,李安,语言:,2012-09-28(纽约电影节),http://www.lifeofpimovie.com,https://img3.doubanio.com/view/photo/s_ratio_poster/public/p1784592701.jpg,"
                            "
十二怒汉,9.4,西德尼·吕美特,片长:,IMDb链接:,http://www.imdb.com/title/tt0050083,https://img3.doubanio.com/view/photo/s_ratio_poster/public/p2173577632.jpg,"
                                　　一个在贫民窟长大的18岁少年因为涉嫌杀害自己的父亲被告上法庭，证人言之凿凿，各方面的证据都对他极为不利。十二个不同职业的人组成了这个案件的陪审团，他们要在休息室达成一致的意见，裁定少年是否有罪，如果罪名成立，少年将会被判处死刑。
                                    "
怦然心动,8.9,罗伯·莱纳,上映日期:,片长:,http://www.imdb.com/title/tt0817177,https://img3.doubanio.com/view/photo/s_ratio_poster/public/p663036666.jpg,"
                            "
窃听风暴,9.1,弗洛里安·亨克尔·冯·多纳斯马尔克,2006-03-23(德国),又名:,http://www.imdb.com/title/tt0405094,https://img1.doubanio.com/view/photo/s_ratio_poster/public/p1808872109.jpg,"
                                　　1984年的东德，整个社会笼罩在国家安全局的高压统治之下，特工魏斯曼（乌尔利希·穆厄 饰）奉命监听剧作家德莱曼（塞巴斯蒂安·寇治 饰）及其女友演员克里斯蒂娜（玛蒂娜·杰蒂克 饰）的生活，监听过程中，魏斯曼渐渐对这家人的生活产生了兴趣，开始暗中帮助他们。一篇刊登在西德《明 镜》报上的文章引起了特工头目的注意，他们认为这篇文章是德莱曼写的，并逮捕了克里斯蒂娜，希望能够从她口中得出她丈夫的秘密？而审问克里斯蒂娜的正是魏斯曼……
                        "
飞屋环游记,8.9,彼特·道格特,语言:,2009-05-13(戛纳电影节),http://www.imdb.com/title/tt1049413,https://img3.doubanio.com/view/photo/s_ratio_poster/public/p2364094053.jpg,"
                            "
疯狂动物城,9.2,拜伦·霍华德,上映日期:,109分钟(中国大陆),http://www.imdb.com/title/tt2948356,https://img1.doubanio.com/view/photo/s_ratio_poster/public/p2315672647.jpg,"
                                　　故事发生在一个所有哺乳类动物和谐共存的美好世界中，兔子朱迪（金妮弗·古德温 Ginnifer Goodwin 配音）从小就梦想着能够成为一名惩恶扬善的刑警，凭借着智慧和努力，朱迪成功的从警校中毕业进入了疯狂动物城警察局，殊不知这里是大型肉食类动物的领地，作为第一只，也是唯一的小型食草类动物，朱迪会遇到怎样的故事呢？
                                    "
大话西游之月光宝盒,8.9,刘镇伟,语言:,1995-01-21(香港),http://www.imdb.com/title/tt0112778,https://img3.doubanio.com/view/photo/s_ratio_poster/public/p1280323646.jpg,"
                                　　孙悟空（周星驰）护送唐三藏（罗家英）去西天取经路上，与牛魔王合谋欲杀害唐三藏，并偷走了月光宝盒，此举使观音萌生将其铲除心思，经唐三藏请求，孙悟空被判五百年后重新投胎做人赎其罪孽。
                                    "
闻香识女人,8.9,马丁·布莱斯,片长:,IMDb链接:,http://www.imdb.com/title/tt0105323,https://img1.doubanio.com/view/photo/s_ratio_poster/public/p925123037.jpg,"
                                　　查理（克里斯•奥唐纳 Chris O'Donnell  饰）是一个普通的中学生，他因为见证着一件恶作剧但又不想出卖朋友，于是面临着一道艰难的选择题——要么坦白，要么被学校勒退。而史法兰（阿尔•帕西诺 Al Pacino  饰）是一个退伍军官，因为意外失明，人生从顶点的辉煌滑落谷底。
                                    "
控方证人,9.6,比利·怀尔德,上映日期:,116分钟,http://www.imdb.com/title/tt0051201,https://img1.doubanio.com/view/photo/s_ratio_poster/public/p1505392928.jpg,"
                            "
飞越疯人院,9.0,米洛斯·福尔曼,片长:,IMDb链接:,http://www.imdb.com/title/tt0073486,https://img1.doubanio.com/view/photo/s_ratio_poster/public/p792238287.jpg,"
                                　　麦克墨菲（杰克·尼科尔森 Jack Nicholson 饰）为了逃避监狱里的强制劳动，装作精神异常，被送进了精神病院，他的到来，给死气沉沉的精神病院带来了剧烈的冲击。
                                    "
两杆大烟枪,9.1,盖·里奇,上映日期:,107分钟,http://www.imdb.com/title/tt0120735,https://img1.doubanio.com/view/photo/s_ratio_poster/public/p792443418.jpg,"
                                　　艾迪（尼克·莫伦）思维敏捷，是个玩牌高手。在三个好友的支持下，艾迪携巨资参加了黑社会的高额赌局，不想落入圈套，欠下50万的赌债。为了还清赌债，艾迪和朋友们绞尽脑汁，最终算计到一群毒贩身上，并为打劫购买了两杆老式烟枪。
                                    "
罗马假日,8.9,威廉·惠勒,上映日期:,118 分钟,http://www.imdb.com/title/tt0046250,https://img3.doubanio.com/view/photo/s_ratio_poster/public/p2189265085.jpg,"
                                　　欧洲某国的安妮公主（奥黛丽·赫本 Audrey Hepburn 饰）到访罗马，国务烦身，但她又厌倦繁文缛节。一天晚上，身心俱疲的她偷偷来到民间欣赏夜景，巧遇报社记者乔（格里高利·派克 Gregory Peck 饰）。二人把手同游，相当快乐。公主更是到乔的家中作客并在那过夜。
                                    "
天空之城,9.0,宫崎骏,上映日期:,片长:,http://www.imdb.com/title/tt0092067,https://img1.doubanio.com/view/photo/s_ratio_poster/public/p1446261379.jpg,"
                                　　古老帝国拉比达是一座漂浮在空中的巨大的机器岛，传说那里已经无人居住，蕴藏着巨大的财富。因此，无论军方还是海盗，都在找寻着这座传说中的飞行岛。
                                    "
活着,9.1,张艺谋,上映日期:,片长:,http://www.imdb.com/title/tt0110081,https://img3.doubanio.com/view/photo/s_ratio_poster/public/p2513253791.jpg,"
                                　　根据余华同名小说改编。
                                    "
蝙蝠侠：黑暗骑士,9.0,克里斯托弗·诺兰,官方网站:,上映日期:,http://thedarkknight.warnerbros.com,https://img3.doubanio.com/view/photo/s_ratio_poster/public/p462657443.jpg,"
                            "
美丽心灵,8.9,朗·霍华德,2001-12-13(加州首映),135 分钟,http://www.imdb.com/title/tt0268978,https://img3.doubanio.com/view/photo/s_ratio_poster/public/p1665997400.jpg,"
                                　　本片是关于20世纪伟大数学家小约翰•福布斯-纳什的人物传记片。
                                    "
教父2,9.1,弗朗西斯·福特·科波拉,1974-12-12(纽约首映),202分钟,http://www.imdb.com/title/tt0071562,https://img1.doubanio.com/view/photo/s_ratio_poster/public/p2194138787.jpg,"
                                　　影片主要讲述第二代教父麦克·柯里昂（阿尔·帕西诺 饰）的奋斗历程，同时回忆了第一代教父维多·柯里昂（罗伯特·德尼罗 饰）创业的艰辛，反映了不同历史时期，两代教父的事业、家庭生活。
                                    "
死亡诗社,8.9,彼得·威尔,1989-06-09(美国),又名:,http://www.imdb.com/title/tt0097165,https://img3.doubanio.com/view/photo/s_ratio_poster/public/p1910824340.jpg,"
                                　　威尔顿预备学院以其沉稳凝重的教学风格和较高的升学率闻名，作为其毕业班的学生，理想就是升入名校。新学期文学老师约翰·基汀（罗宾·威廉姆斯 饰）的到来如同一阵春风，一反传统名校的严肃刻板。
                                    "
辩护人,9.1,杨宇硕,2013-12-18(韩国),又名:,http://www.lawyersong.kr,https://img3.doubanio.com/view/photo/s_ratio_poster/public/p2158166535.jpg,"
                                　　1978年，只有高中学历的宋佑硕（宋康昊 饰）通过多年的艰苦努力，终于通过司法考试，并在成为法官后很快转行成为一名律师。他敏锐地从最新政策中嗅到商机，以不动产代书业务起家。虽然被同行讥讽为随时随地派发名片的夜店小弟，但佑硕不以为忤，一步一步朝着心中的目标迈进。他依靠赚来的钱让妻儿过上富足的生活，也还了七年前在饭店大婶那里欠下的良心债。进入20世纪80年代，韩国民主化斗争愈演愈烈。佑硕全然不管窗外事，关起门来继续赚钱。然而社会的巨变已经不容他置身事外，饭店大婶的儿子朴镇宇因从属的釜山读书联合会被控为左翼社团而遭到逮捕，更受到残酷的虐待和不公的指控。
                                    "
V字仇杀队,8.8,詹姆斯·麦克特格,语言:,2006-03-17(美国),http://www.imdb.com/title/tt0434409,https://img3.doubanio.com/view/photo/s_ratio_poster/public/p1465235231.jpg,"
                                　　未来的英国社会处于极权统治的高压下，不能容许同性恋者、异教徒等社会角色的存在，人民在黑暗政权下苟延残喘。
                                    "
海豚湾,9.3,路易·西霍尤斯,2009-07-31(美国),又名:,http://www.thecovemovie.com,https://img3.doubanio.com/view/photo/s_ratio_poster/public/p455222172.jpg,"
                                　　日本和歌山县太地，是一个景色优美的小渔村，然而这里却常年上演着惨无人道的一幕。每年，数以万计的海豚经过这片海域，他们的旅程却在太地戛然而止。渔民们将海豚驱赶到靠近岸边的一个地方，来自世界各地的海豚训练师挑选合适的对象，剩下的大批海豚则被渔民毫无理由地赶尽杀绝。这些屠杀，这些罪行，因为种种利益而被政府和相关组织所隐瞒。
                                    "
哈尔的移动城堡,8.9,宫崎骏,上映日期:,片长:,http://www.imdb.com/title/tt0347149,https://img3.doubanio.com/view/photo/s_ratio_poster/public/p2174346180.jpg,"
                                　　继母因无力负担生活，将苏菲和她的两个妹妹都送到了制帽店去当学徒。两个妹妹很快先后就离开了制帽店去追寻各自的梦想，只有苏菲坚持了下来。一天，小镇旁边来了一座移动堡垒，传说堡垒的主人哈尔专吸取年青姑娘的灵魂，所以小镇的姑娘都不敢靠近。
                                    "
指环王3：王者无敌,9.1,彼得·杰克逊,制片国家/地区:,2004-03-12(中国大陆),http://www.lordoftherings.net/,https://img3.doubanio.com/view/photo/s_ratio_poster/public/p1910825503.jpg,"
                                　　魔幻战争逐渐进入高潮阶段。霍比特人弗拉多（伊利亚·伍德 Elijah Wood 饰）携带着魔戒，与伙伴山姆（Sean Astin 饰）以及狡猾阴暗的咕噜等前往末日山，一路上艰难险阻不断，魔君索伦为阻止魔戒被销毁用尽全力阻挠。另一方面，白袍巫师甘道夫（伊安·麦克莱恩 Ian McKellen 饰）率中土勇士们镇守刚铎首都——白城米那斯提里斯。魔兽大军压境，黑暗与光明的决战即将来临……
                                    "
鬼子来了,9.2,姜文,2000-05-12(戛纳电影节),139分钟,http://www.imdb.com/title/tt0245929,https://img3.doubanio.com/view/photo/s_ratio_poster/public/p1181775734.jpg,"
                                　　抗日战争末期，河北某偏僻乡村挂甲台的老实村民马大三（姜文 饰）迎来棘手难题：某人将分别装有日本鬼子花屋小三郎（香川照之 饰）和汉奸翻译董汉臣的麻袋扔给他，声称不日来取，却迟迟不见其来。厚道的马大三一边将两人当亲爹娘侍奉，一边同村人商议计策，最后决定将两人处死，但终因“天 意”不了了之。
                                    "
指环王1：魔戒再现,8.9,彼得·杰克逊,制片国家/地区:,2002-04-04(中国大陆),http://www.lordoftherings.net,https://img3.doubanio.com/view/photo/s_ratio_poster/public/p1354436051.jpg,"
                            "
指环王2：双塔奇兵,9.0,彼得·杰克逊,制片国家/地区:,2003-04-25(中国大陆),http://www.lordoftherings.net,https://img3.doubanio.com/view/photo/s_ratio_poster/public/p909265336.jpg,"
                            "
饮食男女,9.1,李安,1994-08-03(美国),又名:,http://www.imdb.com/title/tt0111797,https://img3.doubanio.com/view/photo/s_ratio_poster/public/p1910899751.jpg,"
                                　　台湾中国菜硕果仅存的大师老朱（郎雄）退休后，渐尝老年生活的诸多尴尬：每周日费心做出的一桌丰盛菜肴，并无将三个女儿（杨贵媚、吴倩莲、王渝文）齐齐拉到饭桌的吸引力，已经长大成人的她们，心里藏了许多比陪父亲吃饭更重要的事；多年老友的突然离世，令他在友情这块也有了缺口；而对厨师来讲最重要的味觉的丧失，则将其彻底推到人生的低谷。
                                    "
情书,8.8,岩井俊二,1999-03(中国大陆),117分钟,http://www.imdb.com/title/tt0113703,https://img1.doubanio.com/view/photo/s_ratio_poster/public/p449897379.jpg,"
                                　　日本神户某个飘雪的冬日，渡边博子（中山美穗）在前未婚夫藤井树的三周年祭日上又一次悲痛到不能自已。正因为无法抑制住对已逝恋人的思念，渡边博子在其中学同学录里发现“藤井树” 在小樽市读书时的地址时，依循着寄发了一封本以为是发往天国的情书。
                                    "
音乐之声,8.9,罗伯特·怀斯,语言:,片长:,http://www.imdb.com/title/tt0059742,https://img1.doubanio.com/view/photo/s_ratio_poster/public/p453788577.jpg,"
                                　　玛利亚（朱丽·安德鲁斯  饰）是一个年轻活泼的修女，喜欢在大自然下高声歌唱，所以她常常忘记了修道院里的规矩。院长认为玛利亚并不属于规矩严格的修道院。院长与众嬷嬷商量后，决定安排玛利亚到一位名叫特拉普（克里斯托弗·普卢默 饰）上校家当家庭教师。
                                    "
致命魔术,8.8,克里斯托弗·诺兰,上映日期:,130分钟,http://www.imdb.com/title/tt0482571,https://img3.doubanio.com/view/photo/s_ratio_poster/public/p480383375.jpg,"
                                　　19世纪末，人们对科学文明还不是认识得太过清楚，于是，安吉尔（休•杰克曼Hugh Jackman饰）和伯登（克里斯蒂安•贝尔Christian Bale饰）的魔术，成为了伦敦城内的神奇人物。安吉尔出身贵族，魔术手段华丽丰富，是富人圈子里的表演常客。而伯登即使出身平平，争强好胜的心智和充满创造力的魔术技巧，却也令他有了名气。两人自小本是要好的伙伴，然而，现在魔术界二人各有领地，并且都有野心想成为音乐大厅里的顶级魔术师，一番明争暗斗如箭在弦上。
                                    "
看不见的客人,8.8,奥里奥尔·保罗,语言:,2016-09-23(奇幻电影节),http://www.imdb.com/title/tt4857264,https://img3.doubanio.com/view/photo/s_ratio_poster/public/p2498971355.jpg,"
                                　　艾德里安（马里奥·卡萨斯 Mario Casas 饰）经营着一间科技公司，事业蒸蒸日上，家中有美丽贤惠的妻子和活泼可爱的女儿，事业家庭双丰收的他是旁人羡慕的对象。然而，野心勃勃的艾德里安并未珍惜眼前来之不易的生活，一直以来，他和一位名叫劳拉（芭芭拉·蓝妮 Bárbara Lennie 饰）的女摄影师保持着肉体关系。
                                    "
本杰明·巴顿奇事,8.8,大卫·芬奇,上映日期:,166分钟,http://www.imdb.com/title/tt0421715,https://img3.doubanio.com/view/photo/s_ratio_poster/public/p2192535722.jpg,"
                                　　飓风正在侵袭美国新奥尔良，一位病危的老妇睁开了她的睡眼。老妇名叫戴茜（凯特·布兰切特饰），她叫女儿凯若琳（朱莉娅•奥蒙德饰）为她阅读一本日记。这本日记的作者叫本杰明•巴顿（布拉德•皮特饰）。本杰明出生在第一次世界大战停战之时，但生来便像个老人的他被父亲当作怪物，被遗弃在了养老院。本杰明在养老院与老人们一起生活。但谁都没有想到，本杰明逆向发育——越活越年轻！也许“越活越年轻”是某些人的梦想，但真正这样成长的本杰明却有了别人无法理解的烦恼与快乐。穿越半世纪的世界变革，本杰明身处其中，感受别人感受不到的感受。
                                    "
剪刀手爱德华,8.7,蒂姆·波顿,上映日期:,105 分钟,http://www.imdb.com/title/tt0099487,https://img1.doubanio.com/view/photo/s_ratio_poster/public/p480956937.jpg,"
                                　　爱德华（约翰尼•戴普 饰）是一个机器人，他拥有人的心智，却有一双剪刀手，孤独地生活在古堡里，闯入古堡的化妆品推销员佩格把他带回家，让他走进了人类的世界。单纯的爱德华爱上了佩格的女儿金（薇诺娜•瑞德 饰），金也慢慢的被爱德华的善良所吸引。
                                    "
勇敢的心,8.8,梅尔·吉布森,制片国家/地区:,1995-05-24,http://www.imdb.com/title/tt0112573,https://img3.doubanio.com/view/photo/s_ratio_poster/public/p1374546770.jpg,"
                                　　威廉•华莱士童年时，其父、苏格兰民族英雄马索•华莱士在与英军的斗争中牺牲，他开始接受父亲好友的指导，学习苏格兰文化和武术。青年华莱士（梅尔•吉布森）学成回到故乡，向美丽的少女梅伦求婚，不想梅伦被英军抢去且遭杀害。在广大村民“英雄之后”的呼声中，华莱士率众揭竿起义，并与苏格兰贵族罗伯结成联盟，但不久他发现，苏格兰贵族考虑的只是自身的利益。
                                    "
小鞋子,9.2,马基德·马基迪,语言:,1999-01-22(美国),http://www.cinemajidi.com/children/,https://img3.doubanio.com/view/photo/s_ratio_poster/public/p2173580603.jpg,"
                                　　家境贫寒的男孩Ali（Amir Farrokh Hashemian）帮妹妹Zahra（Bahare Seddiqi）取修补好的鞋子时，不慎将鞋子弄丢，为了不被父（Mohammad Amir Naji）、母（Fereshte Sarabandi ）责罚，他央求Zahra暂时保密，说两人可以替换着穿他的鞋子上学，并答应一定会帮她买双新鞋子。
                                    "
被嫌弃的松子的一生,8.9,中岛哲也,2006-05-27(日本),又名:,http://www.imdb.com/title/tt0768120,https://img1.doubanio.com/view/photo/s_ratio_poster/public/p453723669.jpg,"
                                　　有一天父亲（香川照之饰）突然来找阿笙（瑛太饰），告诉他有个素未谋面的姑姑死了，叫他去收拾下姑姑的房子。在河边的破烂小屋里，阿笙渐渐开始了解父亲口中的姑姑，到底有着怎样的一生。
                                    "
素媛,9.1,李濬益,2013-10-02(韩国),又名:,http://www.wish-movie.kr,https://img3.doubanio.com/view/photo/s_ratio_poster/public/p2118532944.jpg,"
                                　　她（李来 饰）是一个美丽平凡的小女孩，和爸爸妈妈生活在位于街角的家中。家里经营着以她的名字素媛命名的杂货店，母亲（严智媛 饰）作为老板娘日夜忙碌不得闲暇，父亲则在工厂干着繁重的工作。在那个飘雨的早上，素媛打着雨伞独自上学。在离学校近在咫尺的地方，她遭遇一个相貌猥琐、酒气冲天的大叔，由此开启了她的悲剧之旅。柔嫩的小花遭到暴风雨无情摧残，受伤的岂止枝枝叶叶，更是那迎着阳光无忧成长的心。无良媒体铺天盖地大肆渲染，作为受害者的素媛一家仿佛成了周身污秽的耻辱之人，被四周诧异好奇的目光所包围。
                                    "
七宗罪,8.7,大卫·芬奇,语言:,片长:,http://www.imdb.com/title/tt0114369,https://img3.doubanio.com/view/photo/s_ratio_poster/public/p457631605.jpg,"
                                　　“暴食”、“贪婪”、“懒惰”、“嫉妒”、“骄傲”、“淫欲”、“愤怒”，这是天主教教义所指的人性七宗罪。城市中发生的连坏杀人案，死者恰好都是犯有这些教义的人。凶手故弄玄虚的作案手法，令资深冷静的警员沙摩塞（摩根•弗里曼 Morgan Freeman 饰）和血气方刚的新扎警员米尔斯（布拉德•皮特 Brad Pitt 饰）都陷入了破案的谜团中。他们去图书馆研读但丁的《神曲》，企图从人间地狱的描绘中找到线索，最后从宗教文学哲学的世界中找到了凶手作案计划和手段的蛛丝马迹。凶手前来投案自首，这令众人都松了一口气，以为案件就此结束，怎料还是逃不出七宗罪的杀人逻辑，这次凶手瞄准的目标，是那个犯了“愤怒”罪的人……
                        "
天使爱美丽,8.7,让-皮埃尔·热内,2001-04-25(法国),122分钟,http://www.imdb.com/title/tt0211915,https://img3.doubanio.com/view/photo/s_ratio_poster/public/p803896904.jpg,"
                                　　艾米莉（奥黛丽·塔图 Audrey Tautou 饰）有着别人看来不幸的童年——父亲给她做健康检查时，发现她心跳过快，便断定她患上心脏病，从此艾米莉与学校绝缘。随后因为一桩意外，母亲在她眼前突然死去。这一切都毫不影响艾米莉对生活的豁达乐观。
                                    "
摔跤吧！爸爸,9.1,涅提·蒂瓦里,语言:,2016-12-23(印度),http://www.imdb.com/title/tt5074352,https://img3.doubanio.com/view/photo/s_ratio_poster/public/p2457983084.jpg,"
                                　　马哈维亚（阿米尔·汗 Aamir Khan 饰）曾经是一名前途无量的摔跤运动员，在放弃了职业生涯后，他最大的遗憾就是没有能够替国家赢得金牌。马哈维亚将这份希望寄托在了尚未出生的儿子身上，哪知道妻子接连给他生了两个女儿，取名吉塔（法缇玛·萨那·纱卡 Fatima Sana Shaikh 饰）和巴比塔（桑亚·玛荷塔 Sanya Malhotra 饰）。让马哈维亚没有想到的是，两个姑娘展现出了杰出的摔跤天赋，让他幡然醒悟，就算是女孩，也能够昂首挺胸的站在比赛场上，为了国家和她们自己赢得荣誉。
                                    "
入殓师,8.8,泷田洋二郎,2008-09-13(日本),又名:,http://www.okuribito.jp,https://img1.doubanio.com/view/photo/s_ratio_poster/public/p594972928.jpg,"
                                　　买了昂贵的大提琴，想要成就一番事业的小林大悟（本木雅弘 饰），经历了4个月的管弦乐演奏，得到的却是“乐团解散”的噩耗与购买乐器的高昂债务。迫不得已，大悟与妻子美香（广末凉子 饰）搬到老屋，过着清贫的日子。某日，一则广告吸引了大悟的注意：NK代理公司，帮助旅行，高薪短工时。大悟来到NK代理公司面试，社长佐佐木生荣（山崎努 饰）二话不说就决定聘用大悟，但却对工作内容避而不谈。在大悟的再三追问下，佐佐木社长终于道明：是入殓（日语Nou Kan）工作！
                                    "
沉默的羔羊,8.7,乔纳森·戴米,上映日期:,118分钟,http://www.imdb.com/title/tt0102926,https://img1.doubanio.com/view/photo/s_ratio_poster/public/p1593414327.jpg,"
                                　　见习特工克拉丽斯（茱迪•福斯特 Jodie Foster 饰）所在的城市发生了一系列专剥女性皮的命案。克拉丽斯奉命前去访问被收监的精神有问题的精神病学家汉尼拔博士（安东尼•霍普金斯 Anthony Hopkins 饰），以获取罪犯犯罪心理资料。汉尼拔要求克拉丽斯说出个人经历供他分析以换取他的协助。克拉丽斯的思维完全不是博士的对手，临阵败走了。
                                    "
黑客帝国,8.8,莉莉·沃卓斯基,1999-03-31(美国),又名:,http://www.imdb.com/title/tt0133093,https://img3.doubanio.com/view/photo/s_ratio_poster/public/p1910908765.jpg,"
                                　　不久的将来，网络黑客尼奥（基奴李维斯 饰）对这个看似正常的现实世界产生了怀疑。他结识了黑客崔妮蒂（凯莉·安·摩丝 饰），并见到了黑客组织的首领墨菲斯（劳伦斯·菲什伯恩 饰）。墨菲斯告诉他，现实世界其实是由一个名叫“母体”的计算机人工智能系统控制，人们就像他们饲养的动物，没有自由和思想，而尼奥就是能够拯救人类的救世主。
                                    "
拯救大兵瑞恩,8.9,史蒂文·斯皮尔伯格,语言:,片长:,http://www.rzm.com/pvt.ryan/index.html,https://img3.doubanio.com/view/photo/s_ratio_poster/public/p1014542496.jpg,"
                                　　瑞恩（马特•达蒙 Matt Damon饰 ）是二战期间的美国伞兵，被困在了敌人后方。更不幸的是，他的三个兄弟全部在战争中死亡，如果他也遇难，家中的老母亲将无依无靠。
                                    "
西西里的美丽传说,8.7,朱塞佩·托纳多雷,上映日期:,109 分钟,http://www.imdb.com/title/tt0213847,https://img3.doubanio.com/view/photo/s_ratio_poster/public/p792400696.jpg,"
                            "
低俗小说,8.8,昆汀·塔伦蒂诺,上映日期:,片长:,http://www.imdb.com/title/tt0110912,https://img3.doubanio.com/view/photo/s_ratio_poster/public/p1910902213.jpg,"
                            "
钢琴家,9.0,罗曼·波兰斯基,语言:,2002-09-25(法国),http://www.imdb.com/title/tt0253474,https://img3.doubanio.com/view/photo/s_ratio_poster/public/p792484461.jpg,"
                                　　史标曼（艾德里安•布洛迪 Adrien Brody 饰）是波兰一家电台的钢琴师。二战即将爆发之时，他们全家被迫被赶进华沙的犹太区。在战争的颠沛流离中，家人和亲戚最终被纳粹杀害，而标曼本人也受尽种种羞辱和折磨，他侥幸得到一位朋友的帮助，暂时有了藏身之处。战争愈加猛烈，朋友不得不抛下 他回老家寻得安全的住所养育儿女。此时史标曼恶病缠身，却还要在搜捕中逃亡。在废墟的阁楼上他遇见了一名德国军官，在军官的要求下他弹奏了钢琴曲。美妙的琴声令德国军官萌发了恻隐之心，他暗暗帮助标曼直到俄军对波兰的解放到来……
                                    "
狮子王,8.9,罗杰·阿勒斯,制片国家/地区:,1995-07-15(中国大陆),http://www.imdb.com/title/tt0110357,https://img1.doubanio.com/view/photo/s_ratio_poster/public/p726659067.jpg,"
                                　　辛巴是狮子王国的小王子，他的父亲穆法沙是一个威严的国王。然而叔叔刀疤却对穆法沙的王位觊觎已久。
                                    "
美国往事,9.1,赛尔乔·莱翁内,上映日期:,片长:,http://www.onceuponatimeinamerica.net,https://img1.doubanio.com/view/photo/s_ratio_poster/public/p477229647.jpg,"
                                　　二十年代的美国，纽约少年“面条”（罗伯特•德尼罗 饰）和几个同龄朋友一起认识了聪明狡黠的“麦大”（詹姆斯 • 伍兹 饰），他们开始从事走私活动。不久，面条在一场械斗中杀伤人命，被关进监牢。
                                    "
蝴蝶效应,8.7,埃里克·布雷斯,语言:,片长:,http://www.imdb.com/title/tt0289879,https://img1.doubanio.com/view/photo/s_ratio_poster/public/p2209066019.jpg,"
                                　　伊万（艾什顿·库奇 Ashton Kutcher 饰）曾经有一个糟糕的童年，因为他行为闯下了大祸，令他童年充满不堪回忆的往事。而事实上，他确实只是依稀记得一点可怕的情景，这些情景一直纠缠着他的正常生活。伊万接受心理学家建议，把琐碎生活记在记事本里，却偶然发现通过记事本回到过去。
                                    "
阳光灿烂的日子,8.8,姜文,1994-09-09(威尼斯电影节),134分钟(中国大陆),http://www.imdb.com/title/tt0111786,https://img1.doubanio.com/view/photo/s_ratio_poster/public/p967457079.jpg,"
                                　　20世纪70年代初的北京，忙着“闹革命”大人无空理会小孩，加上学校停课无事可做，以军队大院男孩为突出代表的少年人便自找乐子，靠起哄、打架、闹事、拍婆子等方式挥霍过量的荷尔蒙。马小军（夏雨 饰）就是这样的少年，他的嗜好之一是趁别人家无人用万能钥匙将其锁打开，溜进去耍玩一番，正是用这样的方式，少女米兰（宁静 饰）的照片先于其人入了马小军的双眼。通过院里的“头儿”刘忆苦（耿乐 饰），马小军又见到之前在炮局偶然瞥见过一眼的米兰，开始正式将其当作梦中情人，然而在米兰眼中，马小军不过是毛孩一个，她中意的人是成熟、稳重、帅气的刘忆苦。自此，马小军迎来五味混杂的青春期生活。
                                    "
末代皇帝,8.9,贝纳尔多·贝托鲁奇,上映日期:,片长:,http://www.imdb.com/title/tt0093389,https://img3.doubanio.com/view/photo/s_ratio_poster/public/p452088641.jpg,"
                                　　溥仪（尊龙 饰）的一生在电影中娓娓道来。他从三岁起登基，年幼的眼光中只有大臣身上的一只蝈蝈，江山在他心中只是一个不明所以的名词。长大了，他以为可以变革，却被太监一把烧了朝廷账本。他以为是大清江山的主人，却做了日本人的傀儡。
                                    "
心灵捕手,8.8,格斯·范·桑特,片长:,IMDb链接:,http://www.imdb.com/title/tt0119217,https://img3.doubanio.com/view/photo/s_ratio_poster/public/p480965695.jpg,"
                                　　麻省理工学院的数学教授蓝波在席上公布了一道困难的数学题，却被年轻的清洁工威尔（马特·戴蒙 饰）解了出来。可是威尔却是个问题少年，成天和好朋友查克（本·阿弗莱特 饰）等人四处闲逛，打架滋事。当蓝波找到这个天才的时候，他正因为打架袭警被法庭宣判送进看守所。蓝波向法官求情保释，才使他免于牢狱之灾。
                                    "
禁闭岛,8.6,马丁·斯科塞斯,上映日期:,片长:,http://www.imdb.com/title/tt1130884,https://img1.doubanio.com/view/photo/s_ratio_poster/public/p1832875827.jpg,"
                                　　本片根据美国小说家丹尼斯·勒翰（Dennis Lehane）的同名小说改编。 1954年，联邦警官泰迪（莱昂纳多·迪卡普里奥 Leonardo DiCaprio 饰）和搭档查克（马克·鲁弗洛 Mark Ruffalo 饰）乘船来到波士顿附近的禁闭岛精神病犯监狱调查一桩离奇失踪案。手刃亲生骨肉的女犯蕾切尔（艾米莉·莫迪默 Emily Mortimer 饰）从戒备森严的牢室神秘逃脱，藏匿于孤岛深处。泰迪怀疑监狱的主治精神病医师约翰·考利（本·金斯利 Ben Kingsley 饰）有意隐瞒内情，并向查克透露他上岛的真实目的其实是寻找当年纵火烧死他妻子德洛丽丝（米歇尔·威廉姆斯 Michelle Williams 饰）的管理员，并揭露美国政府利用精神病犯人进行人体科学实验的罪行。但随着调查的逐渐深入，真相却变得越来越扑朔迷离……
                        "
玛丽和马克思,8.9,亚当·艾略特,2009-01-15(圣丹斯电影节),92分钟,http://www.imdb.com/title/tt0978762,https://img1.doubanio.com/view/photo/s_ratio_poster/public/p1820615077.jpg,"
                            "
重庆森林,8.7,王家卫,1994-07-14(香港),又名:,http://www.imdb.com/title/tt0109424,https://img3.doubanio.com/view/photo/s_ratio_poster/public/p792381411.jpg,"
                                　　编号为223的警察（金城武）失恋后患上失恋综合症，在与金发女杀手（林青霞）擦肩而过又离奇相遇并有了一晚温情后，原本以为包括“爱情”在内的所有东西都有保质期的他意外地迎来心灵的短暂温暖。可是，他们的爱情还是结束了。
                                    "
春光乍泄,8.8,王家卫,上映日期:,96分钟,http://www.imdb.com/title/tt0118845,https://img3.doubanio.com/view/photo/s_ratio_poster/public/p465939041.jpg,"
                                　　黎耀辉（梁朝伟）与何宝荣（张国荣）是一对同性恋人，为了有新的开始，他们怀着美丽的梦想（去看南美洲大瀑布）离开香港来到阿根廷，却在布宜诺斯艾利斯迷了路。黎耀辉想安下心来过日子，无奈何宝荣于夜夜笙歌中放纵着自己的生命，以期找寻更多的刺激，只当黎耀辉是他受伤后的港湾，两人分歧 、争吵越来越多，心的距离越来越远。
                                    "
大闹天宫,9.2,万籁鸣,1961(中国大陆),2004(中国大陆),http://www.imdb.com/title/tt0059855,https://img1.doubanio.com/view/photo/s_ratio_poster/public/p2184505167.jpg,"
                                　　话说在东土傲来国有一座花果山，山上有一尊石猴吸收日精月华化身为一只神猴（邱岳峰 音），统领着山中的猴子猴孙。为求得一件称心的宝贝，神猴孙大圣潜入龙宫，强硬求来大禹治水时的定海神针如意金箍棒。东海龙王（毕克 音）心有不甘，于是上天将此事诉诸玉帝（富润生 音）。玉皇大帝命令太白金星（尚华 音）下界招安，许以爵位。不知有诈的孙大圣欣然前往，却发现只是负责养马的弼马温。得知受骗的猴王反下天庭，与天兵天将在花果山展开大战……
                                    "
第六感,8.8,M·奈特·沙马兰,上映日期:,107分钟,http://www.imdb.com/title/tt0167404,https://img3.doubanio.com/view/photo/s_ratio_poster/public/p2220184425.jpg,"
                                　　麦克（布鲁斯·威利斯 饰）是著名儿童心理学家，却也有始终未能治愈的患者，甚至因此遭到枪击，这名少年随后也饮枪自毙。这给麦克带来很大心理阴影，一年后他找到另一个症状很像这名患者的男孩柯尔（海利·乔·奥斯蒙 饰），并耐心的做起了他的医生。柯尔并不容易接近，但麦克还是慢慢赢得 了他的信任，得知了柯尔的秘密。原来柯尔有着灵异的第六感，可以看到鬼魂。虽然这令人感到难以置信，但麦克在证实了事情的真相后还是帮助柯尔接受了这个事实。
                                    "
幽灵公主,8.8,宫崎骏,冒险,上映日期:,http://www.imdb.com/title/tt0119698,https://img3.doubanio.com/view/photo/s_ratio_poster/public/p1613191025.jpg,"
                                　　为了拯救危难中的村民，阿斯达卡的右手中了凶煞神的诅咒。他卡只好离开亲人往西方流浪以寻找解除诅咒的方法。旅途中他遇到了由幻姬大人带领的穷苦村民在麒麟兽的森林里开采铁矿，提炼矿石。
                                    "
让子弹飞,8.7,姜文,语言:,片长:,http://www.imdb.com/title/tt1533117,https://img1.doubanio.com/view/photo/s_ratio_poster/public/p1512562287.jpg,"
                                　　民国年间，花钱捐得县长的马邦德（葛优 饰）携妻（刘嘉玲 饰）及随从走马上任。途经南国某地，遭劫匪张麻子（姜文 饰）一伙伏击，随从尽死，只夫妻二人侥幸活命。马为保命，谎称自己是县长的汤 师爷。为汤师爷许下的财富所动，张麻子摇身一变化身县长，带着手下赶赴鹅城上任。有道是天高皇帝远，鹅城地处偏僻，一方霸主黄四郎（周润发 饰）只手遮天，全然不将这个新来的县长放在眼里。张麻子痛打了黄的武教头（姜武 饰），黄则设计害死张的义子小六（张默 饰）。原本只想赚钱的马邦德，怎么也想不到竟会被卷入这场土匪和恶霸的角力之中。鹅城上空愁云密布，血雨腥风在所难免……
                                    "
上帝之城,8.9,卡迪亚·兰德,2002-05-18(戛纳电影节),130分钟,http://www.imdb.com/title/tt0317248,https://img3.doubanio.com/view/photo/s_ratio_poster/public/p455677490.jpg,"
                            "
猫鼠游戏,8.7,史蒂文·斯皮尔伯格,上映日期:,片长:,http://www.imdb.com/title/tt0264464,https://img3.doubanio.com/view/photo/s_ratio_poster/public/p453924541.jpg,"
                            "
告白,8.7,中岛哲也,上映日期:,106分钟,http://kokuhaku-shimasu.jp,https://img3.doubanio.com/view/photo/s_ratio_poster/public/p689520756.jpg,"
                                　　一所平凡的中学，1年B组即将迎来春假。不知天高地厚的学生们肆意吵闹，殊不知一场绵亘数月的风暴正向他们袭来。级任教师森口悠子（松隆子 饰）全然无视这片混乱，静静地向学生们做出最后的告白。这个单亲妈妈独自抚养着可爱的女儿（芦田爱菜 饰），然而女儿最终在游泳池中溺水身亡。警察 认定这是一起意外，森口则认定女儿死于班上两个学生之手。她不动声色地指责着犯人A和B，并宣布用自己的方式进行复仇。在此之后，森口辞去教师职务，1年B班的学生也心怀惴惴迎来了春假。新学期开始，残酷的风暴袭向了这群无知无畏的少男少女……
                                    "
阳光姐妹淘,8.8,姜炯哲,2011-05-04(韩国),又名:,http://www.imdb.com/title/tt1937339,https://img1.doubanio.com/view/photo/s_ratio_poster/public/p1374786017.jpg,"
                                　　25年前，高中生任娜美（沈恩京 饰）一家从全罗道搬到汉城，娜美入读真德女子高中，因方言浓重怯于开口的娜美幸运的得到了同班大姐头夏春花（姜索拉 饰）的维护，并与围绕在夏春花周围的执着于双眼皮的金玫瑰、满嘴脏话的黄珍熙、梦想成为作家的徐金玉、要成为韩国小姐的俞福姬以及沉默傲慢的美人郑秀智等五人结识。在一次和不良少女团对决之后，春花和娜美等七人组成了“Sunny”团体……
                                    "
断背山,8.6,李安,制片国家/地区:,2005-09-02(威尼斯电影节),http://www.brokebackmountain.com,https://img1.doubanio.com/view/photo/s_ratio_poster/public/p513535588.jpg,"
                                　　美国怀俄明州的西部，沉默寡言的农夫恩尼斯（希斯•莱杰饰）和热情开朗的牛仔杰克（杰克•吉伦希尔饰)一道被派到山上牧羊，那里人迹罕至，他们只有与羊群为伴，生活单调无味。一个天寒地冻的夜晚，在酒精与荷尔蒙的作用下，他们做了“不该做的事情”，也就此他们在断背山上度过了人生中最美好的时光。
                                    "
一一,8.9,杨德昌,上映日期:,2017-07-28(台湾),http://www.imdb.com/title/tt0244316,https://img1.doubanio.com/view/photo/s_ratio_poster/public/p2119675128.jpg,"
                                　　NJ（吴念真）是个很有原则的生意人，同妻子敏敏（金燕玲）、女儿婷婷（李凯莉）、儿子洋洋（张杨洋）以及外婆住在台北某所普通公寓里。小舅子的一场麻烦婚礼过后，因为外婆突然中风昏迷，他迎来更加混乱的日子。
                                    "
甜蜜蜜,8.8,陈可辛,2015-02-13(中国大陆),118分钟(中国大陆),http://www.imdb.com/title/tt0117905,https://img3.doubanio.com/view/photo/s_ratio_poster/public/p1962839732.jpg,"
                                　　改革开放初期，黎小军（黎明 饰）告别女友小婷（杨恭如 饰）从天津（国语版中为无锡）来到香港讨生活，期望有天挣到大钱把小婷接来与之风风光光地成婚，没料想日子会比想象中的难熬许多。
                                    "
致命ID,8.6,詹姆斯·曼高德,上映日期:,90分钟,http://www.imdb.com/title/tt0309698,https://img3.doubanio.com/view/photo/s_ratio_poster/public/p453720880.jpg,"
                                　　一个典型而又引人入胜的悬疑故事：一个汽车旅馆里，住进了10个人，他们中间有司机、妓女、过气女星、夫妇、警探和他的犯人，还有神秘的旅馆经理。这天风雨大作，通讯中断，10人被困在了旅馆里，惊悚的故事开始了。
                                    "
射雕英雄传之东成西就,8.7,刘镇伟,1993-02-05(香港),又名:,http://www.imdb.com/title/tt0108074,https://img3.doubanio.com/view/photo/s_ratio_poster/public/p1993903133.jpg,"
                                　　金轮国王妃（叶玉卿）与表哥欧阳锋（梁朝伟）有染，为霸占江山，他们毒死了国王，但没找到传国玉玺。得知玉玺在前往九宫山找寻其师父求助的三公主（林青霞）手里后，欧阳锋企图抢到手但没成功。糊涂国师（张曼玉）在淫威下屈服，查出三公主的具体下落，欧阳锋乘火箭金靴追赶，却误脱落一只插死刚出关的王重阳（钟镇涛），奄奄一息的王重阳恳求适逢路过的三公主找到其师弟周伯通（刘嘉玲）代为报仇。
                                    "
哈利·波特与魔法石,8.7,克里斯·哥伦布,上映日期:,2001-11-16(美国),http://www.harrypotter.co.uk,https://img3.doubanio.com/view/photo/s_ratio_poster/public/p804947166.jpg,"
                                　　哈利波特是一个孤儿，从小寄养在姨妈家，受尽欺凌。但就在哈利11岁生日的时候，他意外收到了霍格沃茨学院的入学通知书。哈利从该学院派来接他的巨人海格口中得知，这是一间魔法学院，并得知了自己的身世，原来哈利的父母都是伟大的魔法师，在对付伏地魔的战斗中双双献身，唯有哈利幸免于难。
                                    "
狩猎,9.0,托马斯·温特伯格,2013-01-10(丹麦),又名:,http://www.imdb.com/title/tt2106476,https://img1.doubanio.com/view/photo/s_ratio_poster/public/p1546987967.jpg,"
                                　　刚刚和妻子离婚的卢卡斯（麦斯·米科尔森 Mads Mikkelsen 饰）目前在一家托儿所工作，心地善良个性温和的他很快就受到了同事和孩子们的喜爱，其中，一个名叫卡拉（安妮卡·韦德科普 Annika Wedderkopp 饰）的早熟女孩对卢卡斯尤为的亲近。面对女孩幼稚 而单纯的示好，卢卡斯只能婉转的拒绝，可令他没有想到的是，这一举动将他的生活推向了风口浪尖。
                                    "
布达佩斯大饭店,8.8,韦斯·安德森,上映日期:,片长:,http://www.grandbudapesthotel.com,https://img3.doubanio.com/view/photo/s_ratio_poster/public/p2178872593.jpg,"
                            "
大鱼,8.7,蒂姆·波顿,语言:,2004-01-09(美国),http://www.imdb.com/title/tt0319061,https://img3.doubanio.com/view/photo/s_ratio_poster/public/p692813374.jpg,"
                                　　爱德华（伊万·麦克格雷格 Ewan McGregor 饰）生性热爱自由，成年之后，他选择离开家乡，踏上了环游世界的旅程。一路上，爱德华遇见了各种各样稀奇古怪的角色，经历了无数精彩绝伦的的冒险，而他日后最大的兴趣，就是向他人喋喋不休的重复讲述他的这一段奇幻旅程。
                                    "
摩登时代,9.2,查理·卓别林,上映日期:,87 分钟,http://www.imdb.com/title/tt0027977,https://img3.doubanio.com/view/photo/s_ratio_poster/public/p2173707976.jpg,"
                                　　二十年代的美国处于经济萧条时期，失业率居高不下，工人受尽压榨，成为了大机器生产中的一颗螺丝钉。查理（查理·卓别林 Charles Chaplin 饰）就是一个底层市民，他在一个机器隆隆的厂房里日以继夜地工作，以赚取微薄的收入。重复繁重的工作压得他喘不过气，他把人们的鼻子当成螺丝钉来拧，卷入流水线机器的皮带里，令人苦笑不得。
                                    "
加勒比海盗,8.6,戈尔·维宾斯基,上映日期:,片长:,http://www.imdb.com/title/tt0325980,https://img3.doubanio.com/view/photo/s_ratio_poster/public/p1596085504.jpg,"
                            "
阿凡达,8.6,詹姆斯·卡梅隆,语言:,2009-12-18(美国),http://www.avatarmovie.com,https://img1.doubanio.com/view/photo/s_ratio_poster/public/p492458287.jpg,"
                            "
穿条纹睡衣的男孩,8.9,马克·赫尔曼,2008-09-12(英国),94 分钟,http://www.imdb.com/title/tt0914798,https://img3.doubanio.com/view/photo/s_ratio_poster/public/p1473670352.jpg,"
                                　　八岁男孩布鲁诺（Asa Butterfield 饰）一家随着纳粹军官父亲的一纸调令，由柏林搬迁到了乡下。失去了朋友们的布鲁诺很快对新家附近的“农庄”产生了兴趣，那里有一群身穿“条纹睡衣”的人终日忙碌，并且其中一个为布鲁诺一家服务，他形容肮脏，态度慎微。周遭环境和布鲁诺的举止让母亲暗暗担忧，但纳粹父亲制止家中任何怀疑既定政策的行为。
                                    "
幸福终点站,8.6,史蒂文·斯皮尔伯格,上映日期:,片长:,http://www.imdb.com/title/tt0362227,https://img3.doubanio.com/view/photo/s_ratio_poster/public/p792263736.jpg,"
                                　　为了完成父亲的心愿，维克多（汤姆•汉克斯 Tom Hanks 饰）从故国乘坐飞机前往美国肯尼迪机场，但戏剧性的事情发生了：他被告知祖国发生政变，而他的身份证护照一一失效，同时他的签证也无法再使用。进退两难的维克多只有在机场滞留，等待新证件的办理。
                                    "
菊次郎的夏天,8.7,北野武,1999-05-20(戛纳电影节),121 分钟,http://www.imdb.com/title/tt0199683,https://img3.doubanio.com/view/photo/s_ratio_poster/public/p751835224.jpg,"
                                　　暑假到来，自幼丧父的小学三年级学生正男（关口雄介饰），如今和奶奶生活在一起，暑假特别无聊。他拿出母亲从外地寄回的信，准备自己一个人去爱知县丰桥市看望母亲。
                                    "
借东西的小人阿莉埃蒂,8.7,米林宏昌,语言:,片长:,http://karigurashi.jp,https://img3.doubanio.com/view/photo/s_ratio_poster/public/p617533616.jpg,"
                                　　虽然患有心脏方面的疾病，但是少年翔（神木隆之介 配音）的父母依然对他疏于呵护。为了准备即将到来的手术，翔来到了位于偏远乡间的姨婆（竹下景子 配音）家静养。姨婆家位于一片幽静的丛林中，这是一幢有着上百年历史的欧式别墅。这里除了生活着姨婆和女佣阿春（树木希林 配音）外，还有一个奇特的三口之家，“借东西一族”——小人阿莉埃蒂（志田未来 配音）和她的爸爸（三浦友和 配音）妈妈（大竹忍 配音），他们生活在别墅的地板下，只有几公分高，过着不为人类察觉的生活。遇到所需的日常用品时，便会在夜深人静之时偷偷潜入厨房借出来。翔无疑中瞥见阿莉埃蒂的身影，他有心接近这些传说中的小人，却不知不觉打扰了他们的生活……
                                    "
小森林 夏秋篇,8.9,森淳一,片长:,IMDb链接:,http://www.imdb.com/title/tt3474600,https://img3.doubanio.com/view/photo/s_ratio_poster/public/p2221319641.jpg,"
                                　　平凡女孩市子（桥本爱 饰）自幼生长在位于日本东北地区的村庄小森。这里远离都市的喧嚣和浮躁，为青山绿水所环绕，俨然一个幽静怡然的世外桃源。村民们日出而作，日落而息，依靠一双勤劳的双手经营渺小却舒适的生活，与世无争。市子曾经前往东京闯荡，只不过她终究无法适应都市快节奏的步伐，最终回到了妈妈早已不在的老宅。童年时妈妈福子利用山川田野各种食材做出胡乱命名的美食，实心眼的市子在感叹受骗之余，也将美好的回忆留在了味蕾深处。仿佛遵循着母亲的步伐，她将对故乡的热爱融入了美食的烹制中。在朋友佑太（三浦贵大 饰）和吉子（松冈茉优 饰）的环绕下，享受着无忧无虑的人生……
                                    "
岁月神偷,8.6,罗启锐,2010-04-16(中国大陆),片长:,http://www.imdb.com/title/tt1602572,https://img3.doubanio.com/view/photo/s_ratio_poster/public/p456666151.jpg,"
                            "
爱在黎明破晓前,8.7,理查德·林克莱特,1995-01-27(美国),又名:,http://www.imdb.com/title/tt0112471,https://img3.doubanio.com/view/photo/s_ratio_poster/public/p452582315.jpg,"
                                　　美国青年杰西（伊桑·霍克 Ethan Hawke 饰）在火车上偶遇了法国女学生塞琳娜（朱莉·德尔佩 Julie Delpy 饰），两人在火车上交谈甚欢。当火车到达维也纳时，杰西盛情邀请塞琳娜一起在维也纳游览一番，即使杰西翌日便要坐飞机离开。与杰西一见钟情的塞琳娜接受了杰西的邀请。
                                    "
驯龙高手,8.7,迪恩·德布洛斯,官方网站:,上映日期:,http://www.dreamworksdragons.com/,https://img1.doubanio.com/view/photo/s_ratio_poster/public/p450042258.jpg,"
                                　　维京岛国的少年小嗝嗝（杰伊•巴鲁切尔 Jay Baruchel 配音）是部落统领伟大的斯托里克（杰拉德·巴特勒 Gerard Butler 配音）的儿子，他非常想像自己的父亲一样亲手屠龙——这些飞龙是岛上维京人放牧羊群的主要天敌——但他每次出现在部落屠龙的战斗中都只给大家徒增烦恼。在一次对抗飞龙的战斗中，希卡普偷偷用射龙器击伤了一只最神秘的“夜之怒龙”，并背着族人放生、豢养，甚至驯服了这只龙，还给它起名“无牙”。希卡普的神秘行径引起了一同训练屠龙技巧的女孩阿斯特丽德（亚美莉卡·费雷拉 America Ferrera 配音）的怀疑。阿斯特丽德发现了希卡普的秘密，却同时被身骑“无牙”御风而飞的美妙体验所震撼。格雷决定在屠龙成人礼上向远征归来的斯托里克和族人讲明真相，说服大家放弃屠龙，却偏偏弄巧成拙，害得“无牙”被俘，一场更大的灾难就在眼前……
                        "
萤火虫之墓,8.7,高畑勋,上映日期:,89 分钟,http://www.imdb.com/title/tt0095327,https://img1.doubanio.com/view/photo/s_ratio_poster/public/p1157334208.jpg,"
                                　　美日战争爆发，14岁的清太带着年幼的妹妹到处逃命，当他们到达防空洞的时候，母亲已身受重伤，没过多久便不久人世。两兄妹自此过着相依为命的日子。他们只好投靠了母亲的姐妹，纵使他们把家里所有的家当都送给了阿姨，但当食物吃完，他们就越感到了寄人篱下的感觉，清太决定带着妹妹离开独自生活。火灾硝烟中的生活并不好过，清太为了妹妹四处偷取食物，但妹妹还是严重营养不良……
                        "
恐怖直播,8.7,金秉祐,上映日期:,97分钟,http://www.imdb.com/title/tt2990738,https://img3.doubanio.com/view/photo/s_ratio_poster/public/p2016930906.jpg,"
                                　　韩国首尔某个平凡的早上，广播电台Daily Topic节目的主持人尹英华（河正宇 饰）正就税率改革与听众进行连线，这时一个自称住在首尔昌信洞的普通工人朴鲁圭打入电话，大肆抱怨超高的电费和相关部门对他的威胁。尹英华颇不耐烦，以偏离主题为由强行切断电话。谁知连线无法单方面由电台方面中断，愤怒的朴鲁圭继续抱怨，并扬言炸掉汉江大桥。尹英华不以为然，进而怂恿对方想做就做，谁知话音刚落，窗外的麻浦大桥便炸作废墟。大惊失色的尹英华很快冷静下来，他决定利用这次难得的机会打一次事业的翻身仗。
                                    "
红辣椒,8.9,今敏,语言:,2006-11-25(日本),http://www.imdb.com/title/tt0851578,https://img3.doubanio.com/view/photo/s_ratio_poster/public/p672363704.jpg,"
                                　　近未来，为了治疗现代人类越来越多、越来越严重的精神疾病，位于东京的精神医疗综合研究所开发出一种可以反映他人梦境的机器。通过微型DC的帮助，梦境在显示器上呈现出来，更方便找到一个人焦虑的症结。
                                    "
超脱,8.8,托尼·凯耶,2011-04-25(翠贝卡电影节),又名:,http://detachment-film.com,https://img3.doubanio.com/view/photo/s_ratio_poster/public/p1305562621.jpg,"
                            "
倩女幽魂,8.6,程小东,语言:,1987-07-18(香港),http://www.imdb.com/title/tt0093978,https://img3.doubanio.com/view/photo/s_ratio_poster/public/p2414157745.jpg,"
                                　　书生宁采臣（张国荣饰）收账不成，无处可归，遂夜宿鬼寺兰若寺，遇上侠士燕赤霞（午马饰），二人成为邻居。一日偶遇艳女小倩（王祖贤饰），二人两情相悦，但小倩乃是被树妖姥姥控制的鬼魂，专门迷惑精壮男子代姥姥吸取阳气。小倩见宁采臣心地善良不忍加害，并与他感情逐渐加深。宁采臣欲救小倩脱离姥姥魔掌，但苦于姥姥功力深厚，小倩无法脱离其魔掌。二人遂向燕赤霞求救......
                        "
海洋,9.0,雅克·贝汉,2011-08-12(中国大陆),片长:,http://www.oceans-lefilm.com,https://img3.doubanio.com/view/photo/s_ratio_poster/public/p497010372.jpg,"
                                　　《海洋》耗时五年，耗资5000万欧元，动用12个摄制组、70艘船，在全球50个拍摄地，有超过100个物种被拍摄，超过500小时的海底世界及海洋相关素材，是史上投资最大的纪录片。
                                    "
七武士,9.2,黑泽明,上映日期:,160分钟(国际版),http://www.imdb.com/title/tt0047478,https://img3.doubanio.com/view/photo/s_ratio_poster/public/p647099823.jpg,"
                                　　日本战国时代，一小山村面临着山贼的威胁，为了保护秋天的收成，村中长老决定让去请武士来保护村子安全，但只能拿出的报酬是一天三顿的白米饭。在城里，他们遭到了武士白眼甚至被打。直到勘兵卫（志村乔饰）的出现，他现今已沦为浪人，几经考虑最后答应了。他对农民说至少需要七名武士，于是久藏（宫口精二饰）、胜四郎（木村功饰）、五郎（稻叶义男饰）、七郎（加东大介饰）、平八（千秋实饰）和菊千代（三船敏郎饰）等六人也加入了队伍，七个人肩负保卫村子的任务。
                                    "
神偷奶爸,8.5,皮埃尔·柯芬,语言:,2010-07-09(美国),http://www.despicableme.com,https://img1.doubanio.com/view/photo/s_ratio_poster/public/p792776858.jpg,"
                                　　超级坏蛋格鲁（史蒂夫·卡瑞尔 Steve Carell 配音）在听说埃及金字塔被盗的新闻后不满市面上新贼辈出，决定在纳法利欧博士（拉塞尔·布兰德 Russell Brand 配音）的帮助下建造火箭升空盗取月亮。在向坏蛋银行贷款的过程中，格鲁盗取的收缩射线枪被新贼维克托（杰森·席格尔 Jason Segel 配音）抢走。为了夺回收缩射线枪，格鲁决定领养三位孤儿——玛戈（米兰达·卡斯格拉夫 Miranda Cosgrove 配音）、伊迪丝（达娜·盖伊 Dana Gaier 配音）和阿格蕾丝（埃尔希·费舍 Elsie Fisher 配音），利用她们进入维克托的城堡兜售饼干的机会实施偷盗，计划成功后再偷偷处理掉三个小孩。然而在平凡的日常相处中，格鲁却发现自己越来越离不开这三个小鬼，但这样的感情用事却将严重影响周密的盗月计划……
                        "
喜剧之王,8.5,周星驰,上映日期:,85分钟,http://www.imdb.com/title/tt0188766,https://img3.doubanio.com/view/photo/s_ratio_poster/public/p1043597424.jpg,"
                                　　尹天仇（周星驰 饰）一直醉心戏剧，想成为一名演员，平时除了做跑龙套以外，还会在街坊福利会里开设演员训练班。此时舞小姐柳飘飘在妈妈桑的带领下来到这里要求学做戏，原来柳飘飘有一段非常不愉快的经历，在尹天仇对她指导的过程中，柳飘飘对尹天仇渐生情愫，同时她也成为了夜总会里当红的小姐。尹天仇受到了极多白眼之后，终于得到了大明星鹃姐（莫文蔚 饰）的赏识，提携他担演新戏中的男主角，但没想到突然把他的角色换掉了，令他失望不已。在片场当场务的卧底警员（吴孟达 饰）身份被识穿，尹天仇阴差阳错的帮忙破了案。之后尹天仇继续活跃在街坊福利会的演员训练班里。
                        "
侧耳倾听,8.8,近藤喜文,语言:,片长:,http://www.imdb.com/title/tt0113824,https://img3.doubanio.com/view/photo/s_ratio_poster/public/p456692072.jpg,"
                                　　正在读初三的月岛滴滴是一个喜欢看书的女孩，她每次都能在借书卡上看到一个叫天泽圣司名字，因此她对这个人充满了好奇。
                                    "
爱在日落黄昏时,8.7,理查德·林克莱特,2004-02-10(柏林电影节),80 分钟,http://www.imdb.com/title/tt0381681,https://img3.doubanio.com/view/photo/s_ratio_poster/public/p1910924055.jpg,"
                                　　九年前，杰西（伊桑·霍克 Ethan Hawke 饰）与席琳（朱莉·德尔佩 Julie Delpy 饰）在火车上不期而遇，怦然心动。在维也纳渡过疯狂而又浪漫的一夜后，他们在日出前分手，并相约在维也纳重逢。
                                    "
风之谷,8.8,宫崎骏,语言:,1984-03-11(日本),http://www.imdb.com/title/tt0087544,https://img3.doubanio.com/view/photo/s_ratio_poster/public/p1917567652.jpg,"
                                　　工业文明的高度发展，却最终带来灾难，一场为期7天的虫族毁灭战争摧毁了人类文明。一千年后，工业文明遗留下来的症结仍在困扰这个星球。带有强烈毒性的植物组成了令人望而却步的“腐海”森林，随着时间的推移，腐海有条不紊地向四周蔓延，蚕食周边世界。在一片腐海森林的旁边，居住着一群御风而行的人类。女主角娜乌茜卡和族人依靠海风的力量抵御着有毒孢子的侵蚀，过着平静祥和的生活。
                                    "
消失的爱人,8.7,大卫·芬奇,语言:,2014-10-03(美国),http://www.imdb.com/title/tt2267998,https://img3.doubanio.com/view/photo/s_ratio_poster/public/p2221768894.jpg,"
                                　　结婚五周年纪念日的早上，尼克·邓恩（本·阿弗莱克 Ben Affleck 饰）来到妹妹玛戈（凯莉·库恩 Carrie Coon 饰）的酒吧，咒骂抱怨那个曾经彼此恩爱缠绵的妻子艾米（罗莎蒙德·派克 Rosamund Pike 饰）以及全然看不见希望的婚姻。当他返回家中时， 却发现客厅留下了暴行的痕迹，而妻子竟不见了踪影。女探员朗达·邦妮（金·迪肯斯 Kim Dickens 饰）接到报案后赶来调查，而现场留下的种种蛛丝马迹似乎昭示着这并非是一件寻常的失踪案，其背后或许隐藏着裂变于夫妻之情的谋杀罪行。艾米的失踪通过媒体大肆渲染和妄加揣测很快闻名全国，品行不端的尼克被推上风口浪尖，至今不见踪影的爱人对他进行无情审判，你侬我侬的甜言蜜语早已化作以血洗血的复仇与折磨……
                                    "
真爱至上,8.5,理查德·柯蒂斯,语言:,2003-11-06(美国),http://www.loveactually.com/,https://img3.doubanio.com/view/photo/s_ratio_poster/public/p475600770.jpg,"
                                　　这是一出10个爱情故事窜成的喜剧杂烩：
                                    "
记忆碎片,8.5,克里斯托弗·诺兰,语言:,2000-10-20(英国),http://www.imdb.com/title/tt0209144,https://img3.doubanio.com/view/photo/s_ratio_poster/public/p641688453.jpg,"
                                　　当记忆支离破碎后，你该怎样面对生活？本片的主人公就遭遇了这样的事情。
                                    "
雨人,8.6,巴瑞·莱文森,片长:,IMDb链接:,http://www.imdb.com/title/tt0095953,https://img3.doubanio.com/view/photo/s_ratio_poster/public/p942376281.jpg,"
                                　　查理（汤姆•克鲁斯 Tom Cruise 饰）父亲去世，留下了300万美元的遗产。然而令他意外的是，遗产全部给了一个他不认识的哥哥雷蒙（达斯汀•霍夫曼 Dustin Hoffman 饰）。雷蒙的名字查理从没听过，这个事件让他气愤不已。他决定前去寻找哥哥。谁知雷蒙的住处就在一个精神病院里，原来他自幼患有自闭症，母亲去世后就被送到精神病院治疗。查理心中有了计算，他把雷蒙带出精神病院，企图骗他出让遗产。
                                    "
燃情岁月,8.7,爱德华·兹威克,语言:,片长:,http://www.imdb.com/title/tt0110322,https://img1.doubanio.com/view/photo/s_ratio_poster/public/p1023654037.jpg,"
                            "
英雄本色,8.7,吴宇森,2017-11-17(中国大陆),95分钟,http://www.imdb.com/title/tt0092263,https://img1.doubanio.com/view/photo/s_ratio_poster/public/p2504997087.jpg,"
                                　　香港某个国际伪钞集团重要分子宋子豪（狄龙 饰）和Mark（周润发 饰）情同手足，某次宋子豪带手下谭成（李子雄 饰）去台北交易时被其出卖受枪伤被捕入狱，为替好兄弟报仇，Mark孤身赴台，结果被人打成瘸子，江湖地位自此一落千丈，而宋子豪的父亲也在不久丧命。 一向视宋子豪为偶像的宋子杰（张国荣 饰）得知哥哥的真实身份后，对黑社会及他恨之入骨，立誓利用警察身份将黑帮势力斩草除根，宋子豪出狱后不顾苦等他想重创辉煌的Mark的劝阻，决心弃暗投明，无奈得不到宋子杰的谅解。而此时已成帮会老大的谭成欲找宋子豪再合作，遭拒绝后放言会害宋子杰，被逼走投无路，宋子豪决定再与Mark连手共抗强敌。
                        "
黑天鹅,8.5,达伦·阿伦诺夫斯基,2010-09-01(威尼斯电影节),108分钟,http://www.imdb.com/title/tt0947798,https://img3.doubanio.com/view/photo/s_ratio_poster/public/p719282906.jpg,"
                            "
疯狂原始人,8.7,柯克·德·米科,上映日期:,2013-03-22(美国),http://www.imdb.com/title/tt0481499,https://img1.doubanio.com/view/photo/s_ratio_poster/public/p1867084027.jpg,"
                            "
怪兽电力公司,8.6,彼特·道格特,制片国家/地区:,2001-11-02(美国),http://www.monstersinc.com,https://img1.doubanio.com/view/photo/s_ratio_poster/public/p2513247938.jpg,"
                            "
东邪西毒,8.6,王家卫,制片国家/地区:,1994-09-17(中国大陆),http://www.imdb.com/title/tt0109688,https://img3.doubanio.com/view/photo/s_ratio_poster/public/p1982176012.jpg,"
                                　　在恋人（张曼玉）负气嫁给兄长的当晚，欧阳锋（张国荣）黯然离开白陀山，走进沙漠某个小镇，成为一名杀手中介人。他的朋友、风流剑客黄药师（梁家辉）每年都来小镇与他畅饮，酒话里有关白陀山的消息令他忘却往事的念想渐次演变成自欺行为。
                                    "
喜宴,8.8,李安,制片国家/地区:,1993-02(柏林电影节),http://www.imdb.com/title/tt0107156,https://img3.doubanio.com/view/photo/s_ratio_poster/public/p2173713676.jpg,"
                                　　伟同（赵文瑄）是事业有成的男同志，与男友赛门（Mitchell Lichtenstein）在美国过着幸福的同居日子，烦恼来自要用各种招数应对远在台北的父（郎雄）母（归亚蕾）的一次次逼婚。伟同被逼以“乖乖仔”形象修书一封声称会在美国结婚，没料父母想亲眼见证。无奈，他只得拉上来自上海的不得志的女艺术家葳葳（金素梅）“假婚”，想逃过一劫。
                                    "
谍影重重3,8.7,保罗·格林格拉斯,上映日期:,片长:,http://www.imdb.com/title/tt0440963,https://img1.doubanio.com/view/photo/s_ratio_poster/public/p792223507.jpg,"
                                　　失去了心爱的女人，波恩（马特•戴蒙 饰）面临更为艰难的日子，他努力回忆，却只能在睡梦中被脑海里一知半解的闪回所惊醒，依然无法记起自己的身份。
                                    "
贫民窟的百万富翁,8.5,丹尼·博伊尔,上映日期:,2009-01-09(英国),http://www.foxsearchlight.com/slumdogmillionaire/,https://img3.doubanio.com/view/photo/s_ratio_poster/public/p2434249040.jpg,"
                                　　2006年，印度孟买。
                                    "
完美的世界,9.0,克林特·伊斯特伍德,1993-11-24(美国),又名:,http://www.imdb.com/title/tt0107808,https://img3.doubanio.com/view/photo/s_ratio_poster/public/p792403691.jpg,"
                                　　单亲孩子菲利普·佩里（T·J·劳瑟 T.J. Lowther 饰）的母亲对他管教甚严，8岁的小菲利普甚至从未参加过一次鬼节讨糖果的游戏。附近州监狱的两名罪犯越狱成功，劫持了菲利普作为人质，向德州边界逃窜。途中，罪犯之一的布奇（凯文·科斯特纳 Kevin Costner 饰）干掉了鲁莽愚蠢的同伙，却对小菲利普照顾有加。与此同时，德州警探瑞德（克林特·伊斯特伍德 Clint Eastwood 饰）带着手下和州长特派的犯罪专家萨利（劳拉·邓恩 Laura Dern 饰）一同火速追捕布奇。双方在德克萨斯州境内展开了一场公路赛大竞技；而小菲利普也经历了很多从未想过过的刺激与快乐，并与布奇产生了一种近似父子的不寻常感情……
                        "
猜火车,8.5,丹尼·博伊尔,1996-02-23(英国),又名:,http://www.imdb.com/title/tt0117951,https://img1.doubanio.com/view/photo/s_ratio_poster/public/p513567548.jpg,"
                            "
萤火之森,8.7,大森贵弘,制片国家/地区:,2011-09-17(日本),http://www.hotarubi.info,https://img1.doubanio.com/view/photo/s_ratio_poster/public/p1272904657.jpg,"
                                　　某年夏天，6岁小女孩竹川萤来到爷爷家度假，她闯进了传说住满妖怪的山神森林。正当她因为迷路而焦急万分的时候，一个戴着狐狸面具的大男孩出现在她面前，并引领着萤找到回家的路。虽然萤分外感激，可是男孩却禁止她碰触自己的身体，原来这名叫银的男孩并非人类，他一旦被人类碰触就会烟消云散。在此后的日子里，萤和银成为好朋友，他们走遍了森林的每一个角落玩耍。日复一日，年复一年，每到夏天的时候萤就会如约来到森林和好朋友见面。她遵守着和银的约定，无论如何也不碰触银的身体。随着年龄的增长，萤和银对彼此的情感都悄悄发生了变化，他们共同期待相聚的日子，共同期待拥抱对方……
                                    "
教父3,8.8,弗朗西斯·福特·科波拉,1990-12-20,又名:,http://www.imdb.com/title/tt0099674,https://img3.doubanio.com/view/photo/s_ratio_poster/public/p2169664351.jpg,"
                                　　转眼间已经是1979年，第二代教父麦克•柯里昂（阿尔•帕西诺 饰）到了垂暮之年，为了灵魂的救赎，麦克慢慢结束家族的黑道事业，转投正当生意。
                                    "
魂断蓝桥,8.8,茂文·勒鲁瓦,上映日期:,108 分钟,http://www.imdb.com/title/tt0033238,https://img1.doubanio.com/view/photo/s_ratio_poster/public/p2351134499.jpg,"
                                　　第一次世界大战期间，回国度假的陆军中尉罗伊（罗伯特·泰勒）在滑铁卢桥上邂逅了舞蹈演员玛拉（费雯·丽），两人彼此倾心，爱情迅速升温。就在两人决定结婚之时，罗伊应招回营地，两人被迫分离。由于错过剧团演出，玛拉被开除，只能和好友相依为命。
                                    "
哈利·波特与死亡圣器(下),8.7,大卫·叶茨,语言:,2011-07-15(美国),http://www.imdb.com/title/tt1201607,https://img3.doubanio.com/view/photo/s_ratio_poster/public/p917846733.jpg,"
                                　　当又一次和伏地魔（拉尔夫·费因斯 Ralph Fiennes 饰）的意识连通，哈利·波特（丹尼尔·雷德克里夫 Daniel Radcliffe 饰）断定最后一件魂器藏在霍格沃茨，于是和罗恩（鲁伯特·格林特 Rupert Grint 饰）、赫敏（艾玛·沃森 Emma Watson 饰）一同返回阴云密布的学校。在好友们的帮助下，他们成功驱逐了斯内普（艾伦·瑞克曼 Alan Rickman 饰），然而觉察到哈利目的的伏地魔则率领徒众向霍格沃茨逼近。食死徒、摄魂怪、巨人疯狂涌入这所有着悠久历史的魔法学校，正邪决战旋即爆发，一时间血雨腥风，死伤无数。从斯内普的眼泪中，哈利不仅了解到父辈的故事，也证实了藏缅于他体内最后的秘密。在此之后，他也和伏地魔迎来了最后的对决……
                                    "
海边的曼彻斯特,8.6,肯尼思·洛纳根,2017-08-25(中国大陆),片长:,http://www.imdb.com/title/tt4034228,https://img1.doubanio.com/view/photo/s_ratio_poster/public/p2496940327.jpg,"
                                　　李（卡西·阿弗莱克 Casey Affleck 饰）是一名颓废压抑的修理工，在得知哥哥乔伊（凯尔·钱德勒 Kyle Chandler 饰）去世的消息后，李回到了故乡——海边的曼彻斯特处理乔伊的后事。根据乔伊的遗嘱，李将会成为乔伊的儿子帕特里克（卢卡斯·赫奇斯 Lucas Hedg es 饰）的监护人，李打算将帕特里克带回波士顿，但很显然帕特里克并不愿意离开家乡和朋友们，但李亦不愿在这片伤心地久留。
                                    "
7号房的礼物,8.7,李焕庆,语言:,片长:,http://www.7gift.kr,https://img3.doubanio.com/view/photo/s_ratio_poster/public/p1816276065.jpg,"
                                　　1997年，只有6岁儿童智商的智障男子李龙久（柳成龙 饰）和可爱的女儿艺胜（葛素媛 饰）相依为命，生活虽然简单清贫，却充满幸福。某天，执着为女儿买美少女战士书包的龙久意外卷入一起幼童诱拐奸杀案，而死者竟是警察局长的女儿。龙久懵懂无知，搞不清状况，昏头昏脑就被投入监狱。在7号牢房中，聚集着走私犯蘇杨浩（吴达洙 饰）、诈骗犯崔春浩（朴元尚 饰）、通奸犯姜万范（金正泰 饰）、恐吓犯老徐（金基灿 饰）和抢劫犯申奉植（郑万植 饰）等五毒俱全的“社会渣滓”。龙久孩子般纯洁的心渐渐感动了这几个“大坏蛋”，他们甚至不惜冒险将艺胜带入牢房与父亲相会。
                                    "
傲慢与偏见,8.4,乔·赖特,2005-09-16(英国),又名:,http://www.imdb.com/title/tt0414387,https://img3.doubanio.com/view/photo/s_ratio_poster/public/p452005185.jpg,"
                                　　根据简·奥斯汀同名小说改编。伊丽莎白·班纳特(凯拉·奈特丽 饰)出身于小地主家庭，有四个姐妹，母亲班纳特太太整天操心着为女儿物色称心如意的丈夫。新来的邻居宾格来先生和他的朋友达西（马修·麦克菲迪恩 饰）打破了她们一家人单调的乡村生活。宾格来和伊丽莎白的姐姐简·班纳特互生情愫；达西对善良聪明的伊丽莎白产生了好感，而伊丽莎白却对达西不可一世的傲慢心存偏见，不接受他的感情。然而，世事难料，宾格来和简·班纳特因为误会，关系危在旦夕；达西的种种作为，展示了性格中和伊丽莎白相同的善良一面，逐渐赢得了伊丽莎白的好感。两对有情人能否终成眷属？班纳特姐妹们能否得到自己想要的生活？
                                    "
恋恋笔记本,8.5,尼克·卡萨维茨,2004-06-25(美国),又名:,http://www.imdb.com/title/tt0332280,https://img3.doubanio.com/view/photo/s_ratio_poster/public/p483604864.jpg,"
                                　　一个浸润着鲜红与纯白的爱情故事，写在一本洒满昏黄的笔记本上，被一位老先生(詹姆斯·加纳 饰)，一遍一遍的讲述。老太太(吉娜·罗兰兹 饰)总是静静的听着，好奇的追问结果。在一家疗养院，这样不变的场景每天都会上演。
                                    "
卢旺达饭店,8.8,特瑞·乔治,语言:,片长:,http://www.mgm.com/ua/hotelrwanda/main.html,https://img3.doubanio.com/view/photo/s_ratio_poster/public/p2159368352.jpg,"
                                　　影片来源于一个真实的故事。保罗•卢斯赛伯吉纳(唐•钱德尔 Don Cheadle  饰)在乱世中开了一家饭店，这家饭店在杀戮如麻的世界中，就像一个绿洲供人休憩，救人性命。事件源于两国元首的罹难：他们分别是胡图族和图西族的首领，同乘一班机，却被意外击落。这样一来，两族人之间的猜忌和争斗开始了，胡图族人开始疯狂杀戮图西族人。
                                    "
虎口脱险,8.9,热拉尔·乌里,1966-12-08(法国),又名:,http://www.imdb.com/title/tt0060474,https://img3.doubanio.com/view/photo/s_ratio_poster/public/p2399597512.jpg,"
                                　　二战期间，英国一架飞机在执行轰炸任务中，被德军击中，几名英国士兵被迫跳伞逃生。他们约好在土耳其浴室见面，并用这次行动的代号“鸳鸯茶”作为接头暗号。
                                    "
荒蛮故事,8.8,达米安·斯兹弗隆,上映日期:,片长:,http://www.imdb.com/title/tt3011894,https://img3.doubanio.com/view/photo/s_ratio_poster/public/p2192834364.jpg,"
                                　　《荒蛮故事》是一部黑色喜剧，由6个独立的暴力复仇小故事构成。影片是一次对于人类失控行径的颠覆性创作，从怪异的幽默感，独特的画面和大胆的配乐，到对于身处绝境的普通人这一题材的偏爱，都可以清晰地看到南美鬼才导演达米安·斯兹弗隆与阿莫多瓦在创作方面的相似之处。不过，斯兹弗隆仍然通过这部影片发出了自己独特的声音：一场对于一个腐败成风、经济和社会严重不平等的社会的尖锐抨击。
                        "
穿越时空的少女,8.6,细田守,制片国家/地区:,2006-07-15(日本),http://www.kadokawa.co.jp/tokikake/,https://img3.doubanio.com/view/photo/s_ratio_poster/public/p2079334286.jpg,"
                                　　17岁少女绀野真琴是一个活泼跳脱的少女。在一次普通值日工作中，真琴不小心摔倒了，自此她发现自己拥有了穿越时空的能力。她兴奋不已，掌握了穿越时空的方法后，她经常用这个方法去解决生活中许多令她困扰十分的事。
                                    "
纵横四海,8.7,吴宇森,语言:,片长:,http://www.imdb.com/title/tt0101020,https://img3.doubanio.com/view/photo/s_ratio_poster/public/p2272146906.jpg,"
                                　　亚占（张国荣）、亚Joe（周润发）和红豆（钟楚红）是三名盗画高手，专为他们的养父（曾江）偷盗知名艺术品令其赚钱。
                                    "
小森林 冬春篇,8.9,森淳一,片长:,IMDb链接:,http://www.imdb.com/title/tt3474602,https://img1.doubanio.com/view/photo/s_ratio_poster/public/p2215147728.jpg,"
                                　　于无法融入喧嚣吵闹的大城市，平凡女孩市子（桥本爱 饰）选择回到自幼生长的老家——位于日本东北地区的小森村。这里没有过多时尚文明的色彩，当地人过着日出而作日落而息的传统生活，他们靠天吃饭，靠着双手经营人生。生活虽不富裕，心中则是满满的充实和欢喜。受妈妈（桐島かれん 饰） 影响，市子似乎对亲手制作各种美味而廉价的料理有着格外浓厚的兴趣。妈妈失踪已经很久，对料理的回忆与再现成为母女间别具特色的交流方式。更何况还有取自大自然的各种食材，又怎能暴殄天物浪费了大好的韶光？在好友纪子（松冈茉优 饰）和裕太（三浦贵大 饰）的陪伴下，市子静静地走过了春夏秋冬……
                                    "
蝙蝠侠：黑暗骑士崛起,8.6,克里斯托弗·诺兰,官方网站:,上映日期:,http://www.thedarkknightrises.com,https://img3.doubanio.com/view/photo/s_ratio_poster/public/p1706428744.jpg,"
                            "
我是山姆,8.8,杰茜·尼尔森,2001-12-03(美国),又名:,http://www.imdb.com/title/tt0277027,https://img3.doubanio.com/view/photo/s_ratio_poster/public/p652417775.jpg,"
                                　　在星巴克工作的山姆（西恩•潘 Sean Penn 饰），虽已成人，但智力水平只有7岁。一次偶然，他收留了一个流浪女。该女子帮山姆生下了一个女儿后消失得无影无踪。
                                    "
时空恋旅人,8.6,理查德·柯蒂斯,语言:,片长:,http://www.abouttimemovie.com,https://img3.doubanio.com/view/photo/s_ratio_poster/public/p2070153774.jpg,"
                                　　Tim（多姆纳尔·格利森 Domhnall Gleeson 饰）21岁了，他的老爸（比尔·奈伊 Bill Nighy 饰）告诉他，他们家族的男人都有时光旅行的超能力，可以回到过去。于是Tim将信就疑地试了一下，回到了夏天，在那里他试图改变和暗恋对象的关系，却发现怎么穿越时空都不能让不爱你的人爱上你。之后Tim来到了伦敦，成为了一个律师。他爱上了一个漂亮的姑娘Mary（瑞秋·麦克亚当斯 Rachel McAdams 饰），他通过几次时空旅行，努力地想成为Mary的男朋友。再后来，他又试图通过时光旅行，去挽回一场失败的话剧，去改善妹妹的生活，去更好地和亲人、朋友相处，度过生命中的每一天。
                        "
超能陆战队,8.6,唐·霍尔,官方网站:,上映日期:,http://www.disneyanimation.com/projects/bighero6,https://img1.doubanio.com/view/photo/s_ratio_poster/public/p2224568669.jpg,"
                                　　未来世界的超级都市旧京山（San Fransokyo），热爱发明创造的天才少年小宏，在哥哥泰迪的鼓励下参加了罗伯特·卡拉汉教授主持的理工学院机器人专业的入学大赛。他凭借神奇的微型磁力机器人赢得观众、参赛者以及考官的一致好评，谁知突如其来的灾难却将小宏的梦想和人生毁于一旦。大火烧毁了展示会场，而哥哥为了救出受困的卡拉汉教授命丧火场。身心饱受创伤的小宏闭门不出，哥哥生前留下的治疗型机器人大白则成为安慰他的唯一伙伴。原以为微型机器人也毁于火灾，谁知小宏和大白竟意外发现有人在某座废弃工厂内大批量地生产他的发明。
                                    "
心迷宫,8.6,忻钰坤,上映日期:,2014-08-28(威尼斯电影节),http://www.imdb.com/title/tt4078856,https://img3.doubanio.com/view/photo/s_ratio_poster/public/p2275298525.jpg,"
                                　　一个想要挣脱父权控制的青年，在一次争执中失手杀死了同村的痞子，被迫逃亡。他没有想过会用这样的方式逃离安逸的生活，离开之际却惊人的发现宿命早已将他和专制的父亲紧紧连接在一起，走或留他都将失去一切。
                                    "
冰川时代,8.4,卡洛斯·沙尔丹哈,上映日期:,81 分钟,http://www.imdb.com/title/tt0268380,https://img1.doubanio.com/view/photo/s_ratio_poster/public/p1910895719.jpg,"
                                　　冰河时期降至，动物们都急着迁徙到温暖的地方及储存食物。长毛象曼弗瑞德、树獭希德、剑齿虎迪亚戈为了帮助一个人类的婴儿回到父母身边，因而也掉了动物们迁徙的队伍。三只性格各异的动物，觉得集合力量帮助婴儿。一路上，善良的曼弗瑞德总觉得迪亚戈心怀鬼胎，想吃掉婴儿，互相猜疑。他们一起经历了无数艰难险阻，终于能够真诚相对。
                                    "
浪潮,8.7,丹尼斯·甘塞尔,2008-03-13(德国),又名:,http://www.imdb.com/title/tt1063669,https://img3.doubanio.com/view/photo/s_ratio_poster/public/p1344888983.jpg,"
                                　　赖纳•文格尔（Jürgen Vogel 饰）是德国某所高中的老师，该学校正在进行“国家体制”的主题活动周。由于他最喜欢的“无政府主义”课被另一位老师捷足先登，因此他只能主讲“独裁统治”课程。
                                    "
人工智能,8.6,史蒂文·斯皮尔伯格,语言:,片长:,http://aimovie.warnerbros.com/,https://img1.doubanio.com/view/photo/s_ratio_poster/public/p792257137.jpg,"
                                　　21世纪中期，由于温室效应，南北极冰川融化，地球上很多城市被淹没。此时，人类科技已经高度发达，人工智能机器人就是人类发明出来用以应对恶劣自然环境的科技手段之一，而且，机器人制造技术已经高度发达，先进的机器人不但拥有可以乱真的人类外表，还能感知自身的存在。
                                    "
唐伯虎点秋香,8.4,李力持,上映日期:,102 分钟,http://www.imdb.com/title/tt0108289,https://img3.doubanio.com/view/photo/s_ratio_poster/public/p1946455272.jpg,"
                                　　唐伯虎（周星驰 饰）身为江南四大才子之首，却有道不尽的心酸。宁王想唐伯虎帮忙图谋作反，唐伯虎只好用内功改变脉象，令众人都相信他命不久矣。母亲埋怨他不应该把功夫暴露，因为他们家族一直被当年的仇人追杀。唐伯虎在与朋友出游时，遇到了貌若天仙的秋香并对她一见钟情，决心要到华府当家丁以追求秋香，唐伯虎被取名华安。期间华太师遇到了宁王上门刁难，幸好有唐伯虎出面相助，并暴露了自己是唐伯虎的身份。秋香才知道华安是自己欣赏的唐伯虎。华夫人跟唐家有怨，因此二人便开始斗法。怎料宁王跟夺面书生再次上门，华夫人不是对手，幸得唐伯虎出手，华夫人也答应把秋香许配给唐伯虎。
                        "
花样年华,8.5,王家卫,2000-05-20(戛纳电影节),98 分钟,http://www.imdb.com/title/tt0118694,https://img3.doubanio.com/view/photo/s_ratio_poster/public/p1910828286.jpg,"
                                　　1960年代的香港，报馆编辑周慕云（梁朝伟 饰）与太太搬进一间住户多是上海人的公寓，和某家日资公司的贸易代表陈先生与太太苏丽珍（张曼玉 饰）成了邻居。因为发现各自在外工作的配偶背着他们有了婚外情，周慕云和苏丽珍开始见面商讨未来可能发生的事情以及相应对策。
                                    "
雨中曲,9.0,斯坦利·多南,上映日期:,103 分钟,http://www.imdb.com/title/tt0045152,https://img3.doubanio.com/view/photo/s_ratio_poster/public/p1612355875.jpg,"
                                　　无声电影时代，演员的形体远远比声音重要。琳娜（简·哈根 Jean Hagen 饰）就是凭着讨好的外形，和唐（吉恩·凯利 Gene Kelly 饰）成为大受欢迎的明星搭档。然而，随着技术的发展，有声电影问世，这就难倒了声音及其难听的琳娜。无论如何训练，她都不能把台词念得漂 亮。于是，唐请来了声音甜美的凯西（黛比·雷诺斯 Debbie Reynolds 饰），让她做琳娜音乐剧幕后的配音者，令琳娜的演出声名大振。而走红的琳娜更加目中无人。
                                    "
玩具总动员3,8.8,李·昂克里奇,制片国家/地区:,2010-06-16(中国大陆),http://disney.go.com/toystory/,https://img1.doubanio.com/view/photo/s_ratio_poster/public/p1283675359.jpg,"
                                　　距上一次的冒险已经过去11个年头，转眼间安迪（约翰·莫里斯 John Morris 配音）变成了17岁的阳光男孩。这年夏天，安迪即将开始大学生活，他必须将自己的房间收拾整齐留给妹妹。此前，伍迪（汤姆·汉克斯 Tom Hanks 配音）与巴斯光年（蒂姆·艾伦 Tim Allen 配音）等玩具一直期待安迪再和他们玩耍，但是随着岁月的流逝，他们被冷落在箱子里很久了。安迪十分珍惜这些童年的玩伴，于是准备将他们收在阁楼。谁曾想，妈妈却把玩具们当作废物扔到街道上。玩具们误解了安迪，于是愤然出走，宁可被捐赠到阳光之家幼儿园。
                                    "
未麻的部屋,8.8,今敏,上映日期:,片长:,http://www.imdb.com/title/tt0156887,https://img3.doubanio.com/view/photo/s_ratio_poster/public/p1351050722.jpg,"
                                　　当红三人少女偶像团体Charming Bird面临解散，核心成员雾越未麻在事务所的安排下不得不退出团体，转型成为一名电视剧演员。万事开头难，对于偶像歌手转型而来的未麻尤其如此，她在工作中承受着压力，闷闷不乐。与此同时，各种恐吓信不断、经纪人田所先生遇袭以及以自己的口吻在网站上写日记的神秘人都让未麻焦虑不已，恍惚间她甚至看到另一个自己。
                                    "
爆裂鼓手,8.6,达米恩·查泽雷,2014-10-10(美国),又名:,http://www.imdb.com/title/tt2582802,https://img3.doubanio.com/view/photo/s_ratio_poster/public/p2220776342.jpg,"
                            "
撞车,8.6,保罗·哈吉斯,上映日期:,片长:,http://www.crashfilm.com/,https://img3.doubanio.com/view/photo/s_ratio_poster/public/p2075132390.jpg,"
                                　　一个黑人电视导演和他的妻子，莫名其妙地因为莫须有的违章驾驶受到了白人警察的侮辱；看似该受到谴责的警察却在最危急关头挽救了那名曾遭他侮辱的黑人妇女；老实巴交的波斯商店店主，却差点谋杀了有着刺青的墨西哥修锁匠(迈克尔•佩纳Michael Pena饰)；地区检察官（布兰登•费舍尔Brendan Fraser 饰）和他的妻子（桑德拉•布洛克Sandra Bullock饰）被抢吉普车后只能把怨气发泄到无辜的修锁匠身上；黑人警察（唐•钱德尔 Don Cheadle 饰）在承受着上司的威胁和焦急地寻找自己的弟弟。
                                    "
一次别离,8.7,阿斯哈·法哈蒂,2012-11-13(中国大陆),片长:,http://www.imdb.com/title/tt1832382,https://img3.doubanio.com/view/photo/s_ratio_poster/public/p2189835254.jpg,"
                            "
追随,8.9,克里斯托弗·诺兰,上映日期:,片长:,http://www.imdb.com/title/tt0154506,https://img1.doubanio.com/view/photo/s_ratio_poster/public/p1150103377.jpg,"
                                　　比尔（杰里米•希尔伯德 Jeremy Theobald 饰）是个游手好闲的作家，借跟踪陌生人打发时间。这让他体验到形形色色的人生，很神秘，也很刺激。不过，有一次，比尔盯上了一个西服革履的家伙克布（艾利克斯•浩尔 Alex Haw 饰）。尾随到餐厅之后，他却被对方识破，只得摊牌。克布是个贩卖盗版光碟的商贩，此外还做拧门撬锁的勾当。克布带着比尔潜入了陌生人家中，但比尔发现克布根本不取财物，而是寻找主人蓄意掩盖的隐私。同时，克布还提醒比尔要注意仪表。后来，比尔认识了一个神秘的金发女人（露西•拉塞尔 Lucy Russell 饰）。在酒吧，比尔主动与她调情，但是对方冷若冰霜。原来她是黑社会大佬的女人，但是不可遏制的激情让比尔失去了理智，从而堕入了万劫不复的深渊……
                        "
罗生门,8.7,黑泽明,上映日期:,88分钟,http://www.imdb.com/title/tt0042876,https://img1.doubanio.com/view/photo/s_ratio_poster/public/p1864872647.jpg,"
                                　　罗生门，日本京都的正南门。云游和尚、砍柴人和乞丐在城门底下避雨，三人闲聊，话题开始，故事的序幕拉开：一个武士和他妻子路过荒山，遭遇了不测。妻子被侮辱，而武士惨遭杀害。惨案如何酿成？凶手、妻子、借武士亡魂来做证的女巫，都各有说法。
                                    "
朗读者,8.5,史蒂芬·戴德利,2008-12-10(纽约首映),片长:,http://www.imdb.com/title/tt0976051,https://img1.doubanio.com/view/photo/s_ratio_poster/public/p1140984198.jpg,"
                            "
香水,8.4,汤姆·提克威,上映日期:,2006-11-24(西班牙),http://www.imdb.com/title/tt0396171,https://img1.doubanio.com/view/photo/s_ratio_poster/public/p470006658.jpg,"
                                　　十八世纪，让-马普蒂斯特•格雷诺耶（本•韦肖 Ben Whishaw 饰）出生在巴黎最肮脏、最恶臭不堪的地方——鱼市场上。格雷诺耶天生对气味有着惊人的天赋：无论恶臭还芳香，他都一一记住，并能轻易分辨各种气味。
                                    "
二十二,8.8,郭柯,片长:,IMDb链接:,http://www.imdb.com/title/tt3843282,https://img1.doubanio.com/view/photo/s_ratio_poster/public/p2457609817.jpg,"
                                　　在日本侵华战争的八年间，至少20万中国妇女被迫沦为日军的性奴隶，也就是我们经常提及的“慰安妇”。在影片2014年开拍之时，中国内地仅剩22位“慰安妇”幸存者。当光阴慢慢划过，时间抚平伤口，这些经历了常人无法想象的磨难的老人们，如今又身在何处，过着怎样的生活，经历着怎样的悲喜忧乐？
                        "
可可西里,8.7,陆川,2004-10-01(中国大陆),85分钟(中国大陆),http://www.imdb.com/title/tt0386651,https://img3.doubanio.com/view/photo/s_ratio_poster/public/p2363208684.jpg,"
                                　　尕玉（张磊 饰）本来是个警察，为了调查藏羚羊猎杀状况，他假扮记者身份，随考察团来到可可西里——那里气候寒冷、空气稀薄，含氧量极低。就在这个人类生存的“禁区”，尕玉目睹了一幕幕人性的贪婪以及人类与环境的狂暴冲突。首先是藏羚羊保护站的巡山队员被盗猎人枪杀，接下来他们见到了悲惨的一幕：盗猎者逃走，只留下众多只剩嶙峋白骨的藏羚羊。巡山队员在恶劣的环境中追捕凶手，最终只夺回了一部份的藏羚羊皮毛。一方面要与恶劣的自然环境抗争、另一方面还要与凶残的盗猎者周旋，巡山队员和尕玉面临着生死考验。
                        "
地球上的星星,8.8,阿米尔·汗,语言:,片长:,http://www.taarezameenpar.com,https://img3.doubanio.com/view/photo/s_ratio_poster/public/p1973489335.jpg,"
                                　　对于8岁的男孩伊夏（达席尔·萨法瑞 Darsheel Safary 饰）来说，世界是充满了惊奇和快乐的万花筒，他正在用一切他能够想到的方式和这个陌生的世界进行着交流，同时也充分的享受着大地万物慷慨的赠与。可是，这样的伊夏却是成年人眼中的问题儿童，他的成绩不好，在班上的排名靠后， 脑子里还充满了各种匪夷所思的鬼点子，在又一次闯下大祸后，忍无可忍的父母将他送往了寄宿学校。
                                    "
战争之王,8.5,安德鲁·尼科尔,2005-09-16(美国),又名:,http://www.imdb.com/title/tt0399295,https://img3.doubanio.com/view/photo/s_ratio_poster/public/p453719066.jpg,"
                                　　本来美国移民尤瑞（尼古拉斯•凯奇 Nicolas Cage 饰）的家族生意是开饭馆。但是一个偶然的机会令他踏入了军火生意的大门，从此开始了贩卖武器的“职业生涯”。尤瑞遇事机智，胆大心细，这不仅让他成功俘获了美女埃娃的心，还使得他在地下军火生意中愈战愈勇。但是，不顺心的事情也随之而来：出现了生意上的死对头和一名老是盯着他的国际警察；弟弟染上毒瘾，并在一单生意交易中丧了命，而且，尽管他在竭力维护自己在家庭里的正义形象，但却掩盖不了真相。尤瑞开始反省自己生意的正义性，拷问自己的良心，但一切太迟，他已经众叛亲离……
                        "
牯岭街少年杀人事件,8.7,杨德昌,1991-07-27(台湾),又名:,http://www.imdb.com/title/tt0101985,https://img3.doubanio.com/view/photo/s_ratio_poster/public/p848381236.jpg,"
                                　　结识小明（杨静怡）前，小四（张震）是典型的乖仔，是父母的希望和兄妹的骄傲（一家人指望他考上名牌大学将来提升全家的社会地位），他有一个喜欢摇滚乐的自称“小猫王（王启赞）”的好友，两人虽会去树林看人幽会，但过的是与周围诸多在“小公园”混的少年人完全两样的生活。
                                    "
惊魂记,8.9,阿尔弗雷德·希区柯克,上映日期:,片长:,http://www.imdb.com/title/tt0054215,https://img3.doubanio.com/view/photo/s_ratio_poster/public/p1021883305.jpg,"
                                　　Marion（珍妮特·利 Janet Leigh 饰）在亚利桑那州凤凰城上班，每天中午都急匆匆地与男友幽会，然而男友却因为推说没钱给前妻赡养费而迟迟不肯离婚。这天Marion要替老板存进4万美元进银行，一时冲动之下她决定携款潜逃。沿途她换车后又遇下雨，身心备受煎熬的她见 到路边有一家贝兹汽车旅馆，便决定留下过夜。
                                    "
碧海蓝天,8.7,吕克·贝松,1988-05-11(法国),又名:,http://www.imdb.com/title/tt0095250,https://img3.doubanio.com/view/photo/s_ratio_poster/public/p455722535.jpg,"
                                　　杰克（让-马克•巴尔 Jean-Marc Barr）在希腊海边长大，虽然小时候眼看着爸爸死于一次潜水事故，却没有削减杰克对大海的热爱。当杰克的朋友恩佐（让·雷诺 Jean Reno饰）找到他，劝说他参加潜水冠军大赛时，杰克答应了，在比赛中成绩突出勇夺冠军，并且得到了乔安娜（罗姗娜•阿奎特 Rosanna Arquette饰）的爱。两人打得火热，杰克却意识到他放不下、离不开大海。
                                    "
魔女宅急便,8.5,宫崎骏,上映日期:,103分钟,http://www.imdb.com/title/tt0097814,https://img1.doubanio.com/view/photo/s_ratio_poster/public/p1637195618.jpg,"
                                　　琪琪今年13岁了，按照魔法界的规矩，魔法少女年满13岁就要出外进行为期一年的修行。所以琪琪带着宠物黑猫吉吉踏上了修行之旅。然而，修行之旅开始得并不顺利，当琪琪来到海边一座大城市时，人们并没有欢迎她的到来，人人都不搭理她。幸亏琪琪有一颗善良的心，当她拾到了一件别人的失物时，热心的琪琪找到了失主。她的善良赢得了面包店老板娘的好感，琪琪就在面包店开始了她用飞行魔法为客人服务的快递业务。琪琪很快适应了新环境，一次，一个热衷于飞机制造的男孩邀请琪琪去参加飞行俱乐部的聚会，途中琪琪因为帮一位老大娘送东西而被雨淋了。从此，琪琪突然发现自己的魔法正在一天天变弱。
                        "
谍影重重2,8.5,保罗·格林格拉斯,语言:,2004-07-15(洛杉矶首映),http://www.thebournesupremacy.com,https://img3.doubanio.com/view/photo/s_ratio_poster/public/p667644866.jpg,"
                                　　经过上一集的腥风血雨之后，伯恩（马特·达蒙 饰）和女朋友玛丽（弗兰卡·泼坦特 饰）隐居在印度偏僻的海边小镇，想忘记以前的生活。一天，神秘组织的杀手来到小镇，打破了伯恩二人世界的宁静，女友玛丽在逃亡途中被枪杀。
                                    "
谍影重重,8.5,道格·里曼,语言:,2002-06-14(美国),http://www.thebourneidentity.com,https://img3.doubanio.com/view/photo/s_ratio_poster/public/p1597183981.jpg,"
                                　　杰森·伯恩（马特·达蒙 饰）在意大利被人从海上救起，他失去了记忆，除了臀部的瑞士银行帐号之外，他完全没有办法证明自己的身份。
                                    "
阿飞正传,8.5,王家卫,上映日期:,94 分钟,http://www.imdb.com/title/tt0101258,https://img3.doubanio.com/view/photo/s_ratio_poster/public/p924558512.jpg,"
                                　　1960年代的香港，因生母在阿飞旭仔（张国荣）长大成人过程中的缺失，他把自己优雅地比喻为“无根鸟”，对生命中遇到的每一个女人都表现得放荡不羁，售票员苏丽珍（张曼玉）和舞女咪咪（刘嘉玲）先后令他感受过温暖，可是她们也只能当当小情人。为摆脱沉重和无力感，旭仔抛下一切去南洋找寻生母。
                                    "
被解救的姜戈,8.5,昆汀·塔伦蒂诺,制片国家/地区:,2013-05-12(中国大陆),http://unchainedmovie.com,https://img1.doubanio.com/view/photo/s_ratio_poster/public/p1959232369.jpg,"
                            "
血战钢锯岭,8.7,梅尔·吉布森,制片国家/地区:,2016-12-08(中国大陆),http://www.hacksawridge.movie/,https://img1.doubanio.com/view/photo/s_ratio_poster/public/p2398141939.jpg,"
                                　　1945年，第二次世界大战接近尾声，作为邪恶轴心重要成员的日本，其嚣张态势已成强弩之末。是年，决定战局走向的冲绳岛战役拉开序幕，成千上万斗志昂扬的美国大兵被派往冲绳，等待他们的则是敌军重兵防守、凶险异常的钢锯岭。在这群人中间，却有一个不愿拿起武器的军医。他名叫戴斯蒙德·道斯（安德鲁·加菲尔德 Andrew Garfield 饰），来自美国的弗吉尼亚。太平洋爆发之际，瘦弱的戴斯蒙德志愿成为救死扶伤的军医而应征入伍。可因童年和家庭的原因，他始终不愿拿起枪支操练，为此宁愿背上拒服兵役的罪名被送上军事法庭。几经周折，戴斯蒙德最终和战友来到了钢锯岭。枪林弹雨，转瞬之间无数人应声倒地。在信仰和信念的支持下，戴斯蒙德仅凭一己之力拯救了数十条濒死的生命……
                                    "
达拉斯买家俱乐部,8.7,让-马克·瓦雷,上映日期:,片长:,http://www.imdb.com/title/tt0790636,https://img1.doubanio.com/view/photo/s_ratio_poster/public/p2166160837.jpg,"
                            "
请以你的名字呼唤我,8.8,卢卡·瓜达尼诺,语言:,2017-11-24(美国),http://sonyclassics.com/callmebyyourname/,https://img3.doubanio.com/view/photo/s_ratio_poster/public/p2505525050.jpg,"
                                　　故事发生在八十年代的意大利里维埃拉，每年夏天，十七岁的少年艾力奥（提莫西·查拉梅 Timothée Chalamet 饰）都会跟家人一起来此地度假。今年，和他们共享假日时光的，还有来自美国的奥利弗（艾米·汉莫 Armie Hammer 饰），高大英俊热情开朗的奥利弗很快就获得了艾力奥一家人的喜爱。
                                    "
梦之安魂曲,8.7,达伦·阿伦诺夫斯基,2000-12-15(美国),又名:,http://www.imdb.com/title/tt0180093,https://img3.doubanio.com/view/photo/s_ratio_poster/public/p884936202.jpg,"
                                　　哈瑞（杰瑞德·莱托 Jared Leto 饰）和玛丽安（詹妮弗·康纳利 Jennifer Connelly 饰）彼此相爱，梦想着开个服装店，梦想着有个美好的明天。然而他们都离不开毒品，并想着以销毒赚得第一桶金。哈瑞的母亲是个彻底的电视迷，最大的梦想是上电视，为此不顾年迈吞食减肥药。由于药品里的毒品成分，她渐渐上了瘾。哈瑞的朋友狄龙（马龙·韦恩斯 Marlon Wayans 饰）同样是个瘾君子，为了挣大钱加入了黑社会。为了梦想，他们努力着，却一步步深陷毒品难以自拔。 哈瑞的胳膊因注射毒品感染而被割去；玛丽安为了毒品出卖肉体和自尊；哈瑞的母亲最终住进了精神病院受尽折磨；狄龙锒铛入狱。当视线变得模糊，梦在遥远处呼唤，迷失的人该以怎样的姿态安抚自己的灵魂。
                        "
恐怖游轮,8.3,克里斯托弗·史密斯,上映日期:,99 分钟,http://www.imdb.com/title/tt1187064,https://img3.doubanio.com/view/photo/s_ratio_poster/public/p462470694.jpg,"
                                　　单亲母亲杰西（梅利莎·乔治 饰）和一帮朋友乘游艇出海游玩，但她总有一种有不好的事情发生的感觉。不久，他们便在海上遭遇一场强烈的风暴。游艇翻船，众人落海，几经挣扎他们好不容易爬到游艇残骸上来。正当他们无计可施之时，一艘巨大的游轮向众人缓缓驶来。众人欣喜过望，未加思索便登上这艘名为“艾俄洛斯”的游轮，结果发现这竟是一艘1930年便告失踪的神秘之船，而船上更是空无一人。
                                    "
东京物语,9.2,小津安二郎,1953-11-03(日本),又名:,http://www.imdb.com/title/tt0046438,https://img3.doubanio.com/view/photo/s_ratio_poster/public/p1910832390.jpg,"
                                　　儿女们都大了，各自成家。父亲周吉（笠智众饰）和老伴（东山千荣子饰）要去东京看望他们，老两口带着愉快心情上路。可另一边，还没等他们到大儿子家，孙子就因为爷爷奶奶到来腾地方哭闹不停。老人开始觉得尴尬，大儿子幸一（山村聪饰）在东京当医生，二女儿繁（杉村春子饰）在东京开美容店，二儿媳纪子（原节子饰），小女儿京子（香川京子饰）外，大阪还有三子敬三。
                                    "
海盗电台,8.6,理查德·柯蒂斯,上映日期:,116 分钟,http://www.imdb.com/title/tt1131729,https://img3.doubanio.com/view/photo/s_ratio_poster/public/p769608791.jpg,"
                            "
哪吒闹海,8.9,严定宪,上映日期:,65分钟,http://www.imdb.com/title/tt0354770,https://img3.doubanio.com/view/photo/s_ratio_poster/public/p1945506312.jpg,"
                                　　商末时期，陈塘关总兵李靖的夫人怀胎3年6个月，最终生下一个肉球，肉球中跳出一个伶俐可爱的男孩。李靖原当他是妖孽欲杀之而后快，幸太乙真人前来收之为徒，赐名哪吒，并赐以乾坤圈和混天绫两件宝贝。某年，天下大旱，甘露未降。哪吒和家将到东海洗澡玩耍。他用混天绫搅动海水，撼动龙宫，惹出巡海夜叉李艮和龙王三太子敖丙。几番言语不和，哪吒杀此二人，由此闯下通天大祸。四海龙王齐聚陈塘关索命，为救一方百姓，哪吒决定交出生命……
                                    "
秒速5厘米,8.3,新海诚,语言:,片长:,http://www.cwfilms.jp/5cm/,https://img3.doubanio.com/view/photo/s_ratio_poster/public/p982896012.jpg,"
                                　　如果，樱花掉落的速度是每秒5厘米，那么两颗心需要多久才能靠近？
                                    "
房间,8.8,伦尼·阿伯拉罕森,2015-09-04(特柳赖德电影节),2016-01-22(美国),http://www.imdb.com/title/tt3170832,https://img3.doubanio.com/view/photo/s_ratio_poster/public/p2259715855.jpg,"
                                　　女孩乔伊（布丽·拉尔森 Brie Larson 饰）被一个叫“老尼克”的男人拐骗，之后被他囚禁在其房子后院的棚屋里长达七年之久。在此期间她遭到强奸，并生下儿子杰克（雅各布·特伦布莱 Jacob Tremblay 饰）。靠着老尼克时不时的物资补给，母子二人艰难度日。尽管如此，母亲还是竭尽所能，为儿子杰克创造了一个安全而开心的成长空间。这个狭小逼仄的房间，成了杰克生活成长的神奇小天地。在杰克度过了他的五岁生日后，母亲决定告诉他真相，在这个小小的房间外面，有着更广阔的世界。他们开始策划逃跑计划，决心要逃出这个囚禁他们的房间……
                                    "
青蛇,8.4,徐克,上映日期:,99分钟,http://www.imdb.com/title/tt0106559,https://img3.doubanio.com/view/photo/s_ratio_poster/public/p584021784.jpg,"
                                　　南宋是一个人妖难分的时期，法海和尚（赵文卓 饰）到处收服妖精，也扰乱了在西湖底修炼的白青二蛇。青（张曼玉 饰）曾获白（王祖贤 饰）相救，二者便以姐妹相称。姐妹俩受惑佯装成人生活在民间，白更嫁于老实书生许仙，青也同时看上了许仙，便常常以媚态勾引许仙，无奈许仙只深爱白一个。白开设了药店，以为可以自此过上安定的生活，可许仙却受不了青的百般挑逗，更发现了青白二蛇的真实身份，可他却不舍得离开家中的天姿国色。法海得知了青白二蛇的下落，更抓走了许仙。原来白为了爱情放弃修成正果，更怀有了身孕。为了救回丈夫，二蛇与法海展开了搏斗……
                        "
头脑特工队,8.7,彼特·道格特,语言:,2015-06-19(美国),http://movies.disney.com/inside-out/,https://img3.doubanio.com/view/photo/s_ratio_poster/public/p2266293606.jpg,"
                                　　可爱的小女孩莱莉（凯特林·迪亚斯 Kaitlyn Dias 配音）出生在明尼苏达州一个平凡的家庭中，从小她在父母的呵护下长大，脑海中保存着无数美好甜蜜的回忆。当然这些记忆还与几个莱莉未曾谋面的伙伴息息相关，他们就是人类的五种主要情绪：乐乐（艾米·波勒 Amy Poehl er 配音）、忧忧（菲利丝·史密斯 Phyllis Smith 配音）、怕怕（比尔·哈德尔 Bill Hader 配音）、厌厌（敏迪·卡灵 Mindy Kaling 配音）和怒怒（刘易斯·布莱克 Lewis Black 配音）。乐乐作为团队的领导，她协同其他伙伴致力于为小主人营造更多美好的珍贵回忆。某天，莱莉随同父母搬到了旧金山，肮脏逼仄的公寓、陌生的校园环境、逐渐失落的友情都让莱莉无所适从，她的负面情绪逐渐累积，内心美好的世界渐次崩塌。
                                    "
再次出发之纽约遇见你,8.5,约翰·卡尼,语言:,2013-09-07(多伦多电影节),http://beginagainfilm.com,https://img3.doubanio.com/view/photo/s_ratio_poster/public/p2250287733.jpg,"
                                　　格雷塔（凯拉·奈特莉 Keira Knightley 饰）抛弃了一切跟随着男友戴夫（亚当·李维 Adam Levine 饰）来到美国纽约实现他们的音乐和爱情梦想，没想到曾经幻想过的美好一切化作泡影，在获得了更好的工作机会后，戴夫果断抛弃了格雷塔，留下她一人苦苦在底层挣扎。
                                    "
忠犬八公物语,9.0,神山征二郎,片长:,IMDb链接:,http://www.imdb.com/title/tt0093132,https://img3.doubanio.com/view/photo/s_ratio_poster/public/p2297934945.jpg,"
                                　　1923年，日本秋田县大馆市天降大雪，近藤家纯种秋田犬产仔，赠与县土木科长间濑。后者将其中一犬转赠东京帝国大学教授上野秀次郎（仲代达矢 Tatsuya Nakadai 饰）驯养。上野的独生女千鹤子对此欢欣鼓舞，而上野夫妇却面露难色。后来，千鹤子（石野真子 Mako Ishino饰）谈恋爱，竟怀了男友的孩子。男友专程登门造访。上野与之对谈，后者诚惶诚恐，坦言要对其女儿负责，事不宜迟，即日便举行婚礼，上野闻听此言，转怒为喜。千鹤子出嫁后，上野旋即把全部的心血与爱都投注在幼犬身上，并取名为阿八。每日上下班，阿八必在涩谷车站等候，一年四季，风雨无阻，令路人叹为观止，成为地方一道风景，主仆之情感动天地……
                                    "
末路狂花,8.7,雷德利·斯科特,上映日期:,片长:,http://www.imdb.com/title/tt0103074,https://img3.doubanio.com/view/photo/s_ratio_poster/public/p794583044.jpg,"
                                　　该片被认为是向男权社会发出抗争的女性主义电影代表作。
                                    "
勇闯夺命岛,8.5,迈克尔·贝,1996-06-07(美国),又名:,http://www.imdb.com/title/tt0117500,https://img3.doubanio.com/view/photo/s_ratio_poster/public/p636048104.jpg,"
                                　　美国海军陆战队法兰（艾德•哈里斯 Ed Harris 饰）将军因不满政府对退伍、战死军人及其家属的补偿和福利不满，率领部下将美军最新研制的生化武器――VX毒气弹――偷运到罗克岛，劫持了81名正在该岛观光的游客，控制了该岛。要挟美国政府48小时内支付1亿元赎金否则将杀死人质并用毒气弹袭击旧金山。
                                    "
源代码,8.3,邓肯·琼斯,上映日期:,2011-04-01(美国),http://www.imdb.com/title/tt0945513,https://img3.doubanio.com/view/photo/s_ratio_poster/public/p988260245.jpg,"
                            "
终结者2：审判日,8.6,詹姆斯·卡梅隆,1991-07-03(美国),137分钟,http://www.imdb.com/title/tt0103064,https://img3.doubanio.com/view/photo/s_ratio_poster/public/p1910909085.jpg,"
                                　　上一部中，超级电脑“天网”阻止人类抵抗领袖约翰·康纳诞生的行动失败，时隔13年后，在“审判日”到来之前，“天网”派出了更加先进的生化机器人T-1000（罗伯特·帕特里克 饰）从公元2029年回到洛杉矶追杀已经长大的约翰，与此同时，约翰也派出了机器人T-800（阿诺· 施瓦辛格 饰）回去保护年幼的自己。
                                    "
绿里奇迹,8.7,弗兰克·德拉邦特,语言:,片长:,http://www.imdb.com/title/tt0120689,https://img3.doubanio.com/view/photo/s_ratio_poster/public/p767586451.jpg,"
                                　　狱监保罗（汤姆•汉克斯 Tom Hanks 饰）这天迎来了一位不平凡的杀人犯――约翰•考夫利（迈克•克拉克•邓肯 Michael Clarke Duncan 饰）。约翰因杀了两名幼女被判死刑来到了这座著名的冷山监狱，监狱里有一片称为“绿里”的绿地，绿地那头就是刑场。
                                    "
英国病人,8.4,安东尼·明格拉,上映日期:,片长:,http://www.imdb.com/title/tt0116209,https://img3.doubanio.com/view/photo/s_ratio_poster/public/p2408623752.jpg,"
                                　　一段爱情，在战火中燃烧，逾越了道德，改变了战局。艾马殊（拉尔夫•费因斯 Ralph Fiennes 饰）是一个历史学者，跟随探险家来到撒哈拉沙漠考察，结识了绘制地图的飞机师杰佛和他妻子凯瑟琳（克里斯汀•斯科特•托马斯 Kristin Scott Thomas  饰）。凯瑟琳的才气和美丽让艾马殊深深着迷，两人在沙漠一个幽深洞穴参观壁画时，更加发现彼此志趣相投。
                                    "
爱在午夜降临前,8.8,理查德·林克莱特,上映日期:,109分钟,http://www.sonyclassics.com/beforemidnight/,https://img1.doubanio.com/view/photo/s_ratio_poster/public/p2074715729.jpg,"
                            "
燕尾蝶,8.6,岩井俊二,1996-09-14(日本),又名:,http://www.imdb.com/title/tt0117797,https://img3.doubanio.com/view/photo/s_ratio_poster/public/p532195562.jpg,"
                                　　母亲死后，原本生活在被大量外国移民视为淘金天堂的“元都”少女被送到妓女固力果（卓娜）处，将少女暂时收留后，固力果依据纹在胸前的蝴蝶给她取名凤蝶（伊藤步）。不久，凤蝶在固力果的带领下于名为“青空”的废品安置区兼汽车修理站，结识了火飞鸿、狼朗等来自不同国家的“元盗”，并逐渐与他们熟识成为好友。
                                    "
你的名字。,8.4,新海诚,语言:,2016-08-26(日本),http://www.kiminona.com,https://img1.doubanio.com/view/photo/s_ratio_poster/public/p2395733377.jpg,"
                                　　在远离大都会的小山村，住着巫女世家出身的高中女孩宫水三叶（上白石萌音 配音）。校园和家庭的原因本就让她充满烦恼，而近一段时间发生的奇怪事件，又让三叶摸不清头脑。不知从何时起，三叶在梦中就会变成一个住在东京的高中男孩。那里有陌生的同学和朋友，有亲切的前辈和繁华的街道，一切都是如此诱人而真实。另一方面，住在东京的高中男孩立花泷（神木隆之介 配音）则总在梦里来到陌生的小山村，以女孩子的身份过着全新的生活。许是受那颗神秘彗星的影响，立花和三叶在梦中交换了身份。他们以他者的角度体验着对方的人生，这期间有愤怒、有欢笑也有暖心。只是两人并不知道，身份交换的背后隐藏着重大而锥心的秘密……
                                    "
黄金三镖客,9.1,赛尔乔·莱翁内,1966-12-23,又名:,http://www.imdb.com/title/tt0060196,https://img1.doubanio.com/view/photo/s_ratio_poster/public/p2101693489.jpg,"
                                　　故事发生在美国南北战争时期。图科（埃里•瓦拉赫 Eli Wallach 饰）是一个图财害命的江洋大盗，因此他被镇上悬赏通缉。布兰迪（克林特•伊斯特伍德 Clint Eastwood  饰）是一个除暴安良的牛仔，他无意中抓住了图科，但嫌赏金不够又掳走了他。在荒漠中，布兰迪惩罚图科让其自生自灭。但是诡诈的图科居然逃过了一劫，并纠集一些帮凶在客栈捉住了布兰迪。正当图科以牙还牙折磨布兰迪的时候，他劫持了一个名叫卡森的士兵。后者临死前留下了宝藏的秘密，图科和布兰迪分别获得了一半信息。与此同时，一个狡猾的杀手桑坦萨（李•范•克里夫 Lee Van Cleef 饰）也通过其他渠道发现了宝藏的秘密。于是，在寻宝的道路上，三个人使出浑身解数，上演了一场场对决的好戏……
                        "
初恋这件小事,8.3,普特鹏·普罗萨卡·那·萨克那卡林,上映日期:,片长:,http://www.imdb.com/title/tt1859438,https://img3.doubanio.com/view/photo/s_ratio_poster/public/p1505312273.jpg,"
                                　　初中生小水相貌平平，家境一般，所以在学校里并不受重视。但是她心地善良，又有一群死党，日子过得倒也开心。某天，她遇见了帅气的学长阿亮（马里奥·毛瑞尔 Mario Maurer 饰），春心萌动，无 法遏制。她喜欢看他踢足球，看他拍照，如痴如狂。上英语课时，她不停地给死党传纸条 表达对阿亮的爱慕。然而，英语老师则指出她除了英语一无是处。回到家，叔叔从美国捎来了父亲的消息，说如果她能考全校第一，就可以去美国。于是，她按下决心要努力加油。某天，小水等人在买饮料时，碰到篮球队员蛮横插队。阿亮挺身而出，为她们教训了对方，并挨了校长的责骂。小水也第一次听说，阿亮的父亲因为射失点球而退役的事情，理解了他心中的隐痛。由于舞蹈队是给美女准备的，所以小水等一干姐妹准备在话剧社大展身手，没想到学长也来到这个社团。两人还扮演王子公主，他们的恋情会由此展开么？……
                        "
无耻混蛋,8.4,昆汀·塔伦蒂诺,2009-08-20(德国),又名:,http://www.imdb.com/title/tt0361748,https://img3.doubanio.com/view/photo/s_ratio_poster/public/p770734475.jpg,"
                            "
美国丽人,8.4,萨姆·门德斯,语言:,1999-10-01(美国),http://www.dreamworks.com/ab/,https://img3.doubanio.com/view/photo/s_ratio_poster/public/p571671715.jpg,"
                                　　莱斯特（凯文·史派西 Kevin Spacey 饰）跟许多中年男人一样，遇到了各种各样的人生难题。他在一个广告公司工作，成绩平平，但是妻子却比他混得出色，一派女强人作风。这个平凡的男人还有一个未成年的女儿珍妮（索拉·伯奇 Thora Birch饰）。
                                    "
发条橙,8.4,斯坦利·库布里克,上映日期:,片长:,http://www.imdb.com/title/tt0066921,https://img3.doubanio.com/view/photo/s_ratio_poster/public/p529908155.jpg,"
                                　　阿利斯（马尔科姆•麦克道尔）是一位无恶不作的少年，他的特殊喜好是边听贝多芬的交响曲边奸淫女性，某次他进入一所别墅抢劫一番后，打残了该别墅的主人——一名小说家，并用特殊喜好蹂躏了其妻子。后来因为杀了一名单身女子，阿利斯入狱并接受了特殊的人格治疗，出狱后，他对淫乐之事产生彻底的厌倦。
                                    "
E.T. 外星人,8.5,史蒂文·斯皮尔伯格,1982-05-26(戛纳电影节),115分钟,http://www.imdb.com/title/tt0083866,https://img3.doubanio.com/view/photo/s_ratio_poster/public/p984732992.jpg,"
                                　　小埃利奥特（亨利托马斯）发现一个意外走失的小外星人，他悄悄的收留了小外星人，并把他介绍给自己的哥哥和妹妹。孩子们与外星人友好的相处，给他吃巧克力，带他去郊外寻找家人留下的痕迹，并为小外星人的种种特异功能兴奋不已。渐渐的埃利奥特与外星人之间形成了某种奇妙的联系，跨越了言语沟通的障碍。
                                    "
一个叫欧维的男人决定去死,8.7,汉内斯·赫尔姆,片长:,IMDb链接:,http://www.imdb.com/title/tt4080728,https://img3.doubanio.com/view/photo/s_ratio_poster/public/p2406624993.jpg,"
                                　　欧维（罗夫·拉斯加德 Rolf Lassgård 饰）是一个刻板而又固执的老头，他的妻子半年前死于疾病，留他一人生活在这个混乱不堪的世界之中。每天早晨，欧维都会定时在社区里进行巡视，确认所有的车辆都停在应停的位置，呵斥违反规定私自驶入社区的车辆，赶走四处乱转破坏环境的猫 狗，在社区居民眼里，欧维是“来自地狱的恶邻”，可每个人都明白，这其实是欧维对于社区爱之深刻的表现。
                                    "
迁徙的鸟,9.1,雅克·贝汉,片长:,IMDb链接:,http://www.imdb.com/title/tt0301727,https://img1.doubanio.com/view/photo/s_ratio_poster/public/p2238274168.jpg,"
                            "
荒野生存,8.6,西恩·潘,上映日期:,148分钟,http://www.imdb.com/title/tt0758758,https://img1.doubanio.com/view/photo/s_ratio_poster/public/p465687407.jpg,"
                                　　影片改编自真实的故事，展现了一个理想主义者的传奇，一个流浪的故事。
                                    "
变脸,8.4,吴宇森,语言:,片长:,http://www.imdb.com/title/tt0119094,https://img3.doubanio.com/view/photo/s_ratio_poster/public/p2173855883.jpg,"
                                　　凯斯特（尼古拉斯•凯奇 Nicolas Cage 饰）是一个恐怖分子，他本想杀死探员西恩（约翰•特拉沃塔 John Travolta 饰），却误杀了西恩的儿子，西恩更与凯斯特结下不共戴天之仇。在逮捕凯斯特归案之后，他以为可以划上句号，却得知凯斯特已经把一枚毒气炸弹投放在某个人群密集的角落。
                                    "
城市之光,9.2,查理·卓别林,上映日期:,片长:,http://www.imdb.com/title/tt0021749,https://img3.doubanio.com/view/photo/s_ratio_poster/public/p2099815842.jpg,"
                                　　他是一个流浪汉（查理·卓别林 Charles Chaplin 饰），身无分文，遇上了双目失明的卖花女，却不忍袖手旁观。他想尽办法去凑够费用，供卖花女治病。一天，他搭救了一个富翁，富翁当晚和他称兄道弟，第二天却翻脸不认人。本来打算向他求助的主意行不通了。流浪汉去参加拳击比 赛，以图获得奖金，却输得一败涂地。谁知这时重遇富翁，二人不计前嫌，富翁答应出钱资助卖花女。在交给流浪汉1000元后，富翁遭到偷袭，身上剩下的钱被强盗抢走。流浪汉奋不顾身去追赶，却因为误会被警察押回警局坐牢。另一方面，流浪女凭借流浪汉的资助重获光明，开了一家体面的花店。
                        "
卡萨布兰卡,8.6,迈克尔·柯蒂兹,上映日期:,片长:,http://www.imdb.com/title/tt0034583,https://img3.doubanio.com/view/photo/s_ratio_poster/public/p1244791866.jpg,"
                                　　二战期间，卡萨布兰卡是欧洲逃往美国的必经之地，那里鱼龙混杂，局势紧张。里克（亨佛莱•鲍嘉 Humphrey Bogart 饰）是一个神秘的商人，他在卡萨布兰卡开了一家人气很旺的夜总会，并拥有两张宝贵的通行证。一天，反纳粹人士维克多和妻子伊尔莎（英格丽•褒曼 Ingrid Bergman 饰）来到夜总会，原来他们正在逃避纳粹的追捕。碰巧的是，里克发现，伊尔莎竟然是他的旧日情人。那段爱曾经刻骨铭心，却因为一个误会而终止。而当误会消解时，伊尔莎和里克的感情还是不可避免的重燃了。里克手上的两张通行证能帮助维克多度过难关，但这样一来，伊尔莎是决定留下，还是离去，他们的爱情在政治和伦理的推波逐流中走向何方。
                        "
黑客帝国3：矩阵革命,8.5,莉莉·沃卓斯基,2003-11-05(美国/中国大陆),又名:,http://www.imdb.com/title/tt0242653,https://img1.doubanio.com/view/photo/s_ratio_poster/public/p443461818.jpg,"
                            "
这个男人来自地球,8.5,理查德·沙因克曼,2007-11-13(美国),又名:,http://www.imdb.com/title/tt0756683,https://img3.doubanio.com/view/photo/s_ratio_poster/public/p513303986.jpg,"
                                　　一个普通男人的秘密在他的辞职事件中开始显示出端倪。历史教授约翰奥德曼（David Lee Smith饰）说自己身上有一个让大家都匪夷所思的秘密，而为了保守这个秘密他不能在一个地方超过十年。他的朋友们试图去发掘他的故事中的秘密，这一举动让约翰非常生气，而他的朋友却发现约翰的故事是无法被否定也无法查证的，究竟约翰身上有着怎样的秘密？一幕幕碎片联系起来，带给我们一个意料之外的故事高潮。
                        "
新龙门客栈,8.5,李惠民,语言:,1992-08-27(香港),http://www.imdb.com/title/tt0105859,https://img1.doubanio.com/view/photo/s_ratio_poster/public/p1421018669.jpg,"
                                　　宦官专权的明朝中叶，东厂曹少钦（甄子丹）假造圣旨杀害了忠良杨宇轩，并想斩草除根杀死其后代。侠女邱莫言（林青霞）、江湖义士贺虎等人冒死救出忠良后代后，逃至边关沙漠里的龙门客栈，与杨宇轩部下周淮安（梁家辉）会合。龙门客栈实则黑店，老板娘金镶玉（张曼玉）利用乱世，以美貌和风骚 作诱饵杀人越货聚敛钱财，但她却为英俊潇洒的周淮安动了真心。为了摸清潜藏于龙门客栈中的出关暗道，周淮安将计就计，答应与金镶玉成亲。
                                    "
模仿游戏,8.5,莫滕·泰杜姆,语言:,2014-11-14(英国),http://www.imdb.com/title/tt2084970,https://img3.doubanio.com/view/photo/s_ratio_poster/public/p2255040492.jpg,"
                                　　二战期间，盟军苦于德国的秘密系统”英格玛“无法破译，政府召集了一批民间数学家、逻辑学家进行秘密破解工作，图灵（本尼迪克特·康伯巴奇 Benedict Cumberbatch 饰）就是其中之一。计划刚开始图灵遭到了以休（马修·古迪 Matthew Goode）为首的组员和领导的排斥，幸好军情处部长孟席斯（马克·斯特朗 Mark Strong 饰）帮助他立项研究破译密码的机器，而图灵则变成了负责人，招收了新的成员琼（凯拉·奈特莉 Keira Knightley）开始了艰难的工作。琼很快就迷上了图灵，由于她的帮助所有组员空前的团结，并于两年后成功破解德军的密码。图灵一度与琼订婚，但实际上他隐瞒了一个秘密，因为这个秘密他也遭受了非人的待遇……
                                    "
非常嫌疑犯,8.6,布莱恩·辛格,语言:,1995-09-15(美国),http://www.imdb.com/title/tt0114814,https://img3.doubanio.com/view/photo/s_ratio_poster/public/p470383576.jpg,"
                            "
无敌破坏王,8.6,瑞奇·摩尔,语言:,2012-11-02(美国),http://www.imdb.com/title/tt1772341,https://img3.doubanio.com/view/photo/s_ratio_poster/public/p1735642656.jpg,"
                            "
枪火,8.6,杜琪峰,上映日期:,84分钟(香港),http://www.imdb.com/title/tt0220644,https://img3.doubanio.com/view/photo/s_ratio_poster/public/p1538646661.jpg,"
                                　　黑社会老大文哥（高雄饰）被人追杀，其弟阿南（任达华饰）安排五个人来做其兄的保镖，并命令他们查出暗杀文哥的幕后人物。这五人分别是阿鬼（黄秋生饰）、阿来（吴镇宇饰）、阿MIKE（张耀扬饰）、阿信（吕颂贤饰）和阿肥（林雪饰）。阿来和阿信是知名的高手，阿鬼、阿MIKE、阿肥则是金盆洗手的昔日英雄：阿鬼是文哥以前的手下，阿MIKE是神枪手，阿肥是枪械专家。五人同心协力，将杀手擒获，并查清了幕后主使人。五个不认识的江湖人成为肝胆相照的好友，这时，阿南告诉阿鬼，阿信与文哥之妻通奸，要求阿鬼去杀死阿信，阿来坚决不允许这么做。阿MIKE和阿肥又分别支持阿来和阿鬼，最后他们约定在一家小餐厅解决这个问题，互相对准的枪口真是一触即发……
                        "
彗星来的那一夜,8.4,詹姆斯·沃德·布柯特,上映日期:,片长:,http://www.imdb.com/title/tt2866360,https://img3.doubanio.com/view/photo/s_ratio_poster/public/p2187896711.jpg,"
                                　　在一个静得有些诡异阴森的夜晚，年轻女子艾米丽（艾米丽·芭尔多尼 Emily Baldoni 饰）驱车来到朋友家参加聚会。此前她一边开车一边和男友打电话，然而通话突然中断，她的手机屏也莫名其妙出现裂痕。这一事件让艾米丽的心中升起隐隐不安，因为当晚一颗彗星刚好接近地球，一个 很久之前听过的传说使她对彗星的到来有着不祥的预感。稍后，朋友们落座，大家彼此交谈，叙说近况，虽然言语中有着许多莫名其妙、蹊跷反常的线索，然而均被一带而过。突然间，灯光尽灭。当光明重新来临时，众人发现附近只有一户人家还在亮灯，而亮灯人家里坐着的竟是……
                                    "
小萝莉的猴神大叔,8.6,卡比尔·汗,上映日期:,片长:,http://www.imdb.com/title/tt3863552,https://img3.doubanio.com/view/photo/s_ratio_poster/public/p2510956726.jpg,"
                                　　电影讲述了一个拥有虔诚宗教信仰的单纯印度男人帮助巴基斯坦哑女与父母重聚的故事。印度教教徒帕万（萨尔曼·汗 饰）在一次机缘巧合下结识了与母亲走失并有语言障碍的穆斯林小女孩沙希达（哈尔莎莉·马尔霍特 饰）。在得知沙希达是巴基斯坦人后，帕万决定帮助她回家，可在回巴基斯坦途中却四处碰壁，遭遇领事馆冲突、被旅游局欺骗之后，帕万立志将不惜一切代价尽其所能带沙希达回到自己的家乡与家人团聚。
                        "
步履不停,8.8,是枝裕和,2008-06-28(日本),又名:,http://www.imdb.com/title/tt1087578,https://img1.doubanio.com/view/photo/s_ratio_poster/public/p672446737.jpg,"
                                　　“人生路上步履不停，为何总是慢一拍”。
                                    "
血钻,8.5,爱德华·兹威克,上映日期:,143 分钟,http://www.imdb.com/title/tt0450259,https://img3.doubanio.com/view/photo/s_ratio_poster/public/p1244017073.jpg,"
                                　　九十年代非洲塞拉利昂，连连战火使这片土地饱受摧残，非法钻石贸易日益猖獗。
                                    "
上帝也疯狂,8.6,加美·尤伊斯,1981-08-21(挪威),又名:,http://www.imdb.com/title/tt0080801,https://img1.doubanio.com/view/photo/s_ratio_poster/public/p2173719647.jpg,"
                                　　广袤无垠的非洲大陆，现代文明与原始社会和谐共存。在离现代大都市六千公里的卡拉哈里沙漠腹地，生活着仍未受到外来文明影响的布须曼人。他们刀耕火种，狩猎农作，过着与世无争、敬畏自然的平静生活。某天，一支来自现代文明的可乐瓶打乱了他们一成不变的日子。最先发现瓶子的基（N!xau 饰）将其带回部落，族人惊叹可乐瓶子的完美构造和繁多的用途，认为这是上帝赐予他们的礼物。可是兴奋的心情很快为别样的情绪所取代，习惯了平等共有的族人开始想要将瓶子据为己有，矛盾悄然而生。基不愿看到族人发生争吵与殴斗，于是决定将可乐瓶还给上帝，只为恢复曾经平静快乐的生活……
                        "
国王的演讲,8.3,汤姆·霍珀,上映日期:,2010-12-25(美国),http://www.imdb.com/title/tt1504320,https://img1.doubanio.com/view/photo/s_ratio_poster/public/p768879237.jpg,"
                                　　约克郡公爵（柯林·菲尔斯 Colin Firth 饰）因患口吃，无法在公众面前发表演讲，这令他接连在大型仪式上丢丑。贤惠妻子伊丽莎白（海伦娜·邦汉·卡特 Helena Bonham Carter 饰）为了帮助丈夫，到处寻访名医，但是传统的方法总不奏效。一次偶然的机会，她慕名来到了语言治疗师莱纳尔罗格（杰弗里·拉什 Geoffrey Rush 饰）的宅邸，传说他的方式与众不同。虽然公爵对罗格稀奇古怪的招法并不感兴趣，首次诊疗也不欢而散。但是，公爵发现在聆听音乐时自己朗读莎翁竟然十分流利。这让他开始信任罗格，配合治疗，慢慢克服着心理的障碍。乔治五世驾崩，爱德华八世继承王位，却为了迎娶寡妇辛普森夫人不惜退位。艾伯特临危受命，成为了乔治六世。他面临的最大挑战就是如何在二战前发表鼓舞人心的演讲……
                        "
疯狂的石头,8.3,宁浩,2006-06-30(中国大陆),106 分钟(香港),http://www.imdb.com/title/tt0843270,https://img3.doubanio.com/view/photo/s_ratio_poster/public/p712241453.jpg,"
                                　　重庆一间工艺品厂已经濒临倒闭，却不料在拆倒旧厂房的时候，发现了厕所里的一件宝物——一块价值连城的翡翠。厂里决定用这块翡翠举办一个展览，赚些钱发拖欠了几个月的工人工资。期间由工艺品厂保卫科长包世宏（郭涛 饰）负责看守这件宝物。但是，国际大盗麦克与本地一帮小偷却让包世宏一筹莫展，他们各施其技接近翡翠，展览馆开始了一场明争暗斗的较量。黑色幽默也开始幕幕上演。翡翠的价值几何？最后谁是胜出者？事情远没有表面那么简单……
                        "
勇士,8.9,加文·欧康诺,语言:,片长:,http://www.warriorfilm.com/,https://img3.doubanio.com/view/photo/s_ratio_poster/public/p1145536386.jpg,"
                                　　这是一个破碎的家庭，酗酒的教练父亲帕迪（尼克·诺特 Nick Nolte 饰）家暴妻子，次子汤米（汤姆·哈迪 Tom Hardy 饰）与不堪忍受的母亲远赴他乡；长子布兰登（乔尔·埃哲顿 Joel Edgerton 饰）为了爱情选择留下，并认为从此可以得到父亲的器重与栽培，然而最后父子还是分道扬镳。时隔多年后，汤米带着母亲痛苦死去的悲伤记忆，以及在伊战中的惨痛经历找到父亲，要求后者再度担任自己的教练，以参加MMA的重奖大赛；几乎与此同时，昔日的职业格斗选手、如今的中学物理教师布兰登为金钱所困扰，他不能忍受自己无法为妻女提供庇护，决定重返赛场。在MMA的赛场上，这对分离多年的兄弟将再度聚首，用血与汗的交融，化释彼此的心结……
                        "
穆赫兰道,8.3,大卫·林奇,上映日期:,2001-11-21(法国),http://www.imdb.com/title/tt0166924,https://img3.doubanio.com/view/photo/s_ratio_poster/public/p792248233.jpg,"
                            "
无人知晓,9.0,是枝裕和,2004-08-07(日本),又名:,http://www.imdb.com/title/tt0408664,https://img3.doubanio.com/view/photo/s_ratio_poster/public/p661160053.jpg,"
                                　　新搬来的公寓这家人是母亲惠子（You饰）带着四个孩子：明（柳乐优弥饰）、京子、茂、雪。但母亲却得对周围的人们撒谎说丈夫去海外工作，自己与长子两个人在一起生活。事实是其它三名弟妹是“黑孩子”，因为四个孩子有着各自不同的父亲。他们一直呆在家中，没有去学校上学。
                                    "
叫我第一名,8.6,彼得·维纳,2008-12-07,又名:,http://www.imdb.com/title/tt1292594,https://img3.doubanio.com/view/photo/s_ratio_poster/public/p496133870.jpg,"
                            "
月球,8.5,邓肯·琼斯,上映日期:,97 分钟,http://www.imdb.com/title/tt1182345,https://img3.doubanio.com/view/photo/s_ratio_poster/public/p449399746.jpg,"
                                　　未来世界，随着科技的飞速进步，地球的污染也越来越严重。为了遏制这种现状，一家名为月能工业有限公司的企业应运而生。该公司致力于月球能源的开发，通过采集氦-3来满足地球对能源的需求。月能公司在月球设有基地，山姆·贝尔（山姆·洛克威尔 Sam Rockwell 饰）正是该基地 上唯一的工作人员。山姆是公司聘用的合同工，他已在月球孤零零地生活3年，陪伴他的只有智能机器人戈蒂（凯文·斯派西 Kevin Spacey 饰）。枯燥乏味的生活令山姆归心似箭，在还有两周就离开月球的时候，山姆偶然遭遇一起事故。醒来后的他发现戈蒂似乎对其有所隐瞒，公司高层也拒绝他的回程请求。山姆借机逃出基地，却在事故发生地点发现另一个自己……
                                    "
暖暖内含光,8.4,米歇尔·贡德里,语言:,片长:,http://www.eternalsunshine.com,https://img3.doubanio.com/view/photo/s_ratio_poster/public/p479565065.jpg,"
                            "
黑鹰坠落,8.5,雷德利·斯科特,语言:,片长:,http://www.sonypictures.com/homevideo/blackhawkdown/,https://img3.doubanio.com/view/photo/s_ratio_poster/public/p1910900710.jpg,"
                                　　1992年，连年的部落战争令东非国家索马里山河破败，民不聊生，由此引发的大饥荒更造成三十万人死亡。掌控首都摩加迪休的独裁者默罕默德•法拉•艾迪德抢走国际组织的救援物资，此举引起世人公愤。丧心病狂的艾迪德向国际维和组织宣战，美国方面派出160名特种部队成员前往摩加迪休以推翻艾迪德政权。
                                    "
麦兜故事,8.5,袁建滔,上映日期:,Japan: 75 分钟,http://www.imdb.com/title/tt0312941,https://img3.doubanio.com/view/photo/s_ratio_poster/public/p804938713.jpg,"
                                　　麦兜，一个长得不帅，头脑平平的小朋友。和妈妈麦太太，在香港一个叫大角咀的地方过着并不富裕却很快乐的生活。从麦兜带着妈妈的期望来到世界那一刻开始，他的脑海中一直飘满七彩幻想的泡泡。那个蓝天白云，椰林树影，水清沙白的童年的马尔代夫，那充满诱惑的圣诞火鸡的浓香，还有那个关于“抢包山”的奥运金牌的梦想，让麦兜平凡着他的平凡，却幸福着他的幸福。麦兜，和春田花花幼儿园的小朋友们一起，陪着我们，简单的在爱的呵护下慢慢长大。
                        "
荒岛余生,8.5,罗伯特·泽米吉斯,2000-12-22(美国),又名:,http://www.imdb.com/title/tt0162222,https://img1.doubanio.com/view/photo/s_ratio_poster/public/p2207673537.jpg,"
                                　　查克（汤姆•汉克斯 Tom Hanks饰）任职于美国联邦快递，他系统工程师的职业决定了他的生活忙碌、自律、充满时间紧迫感。而查克总能把一切工作都井井有序的安排在每天的日程里，时间就在他的控制之下。他无暇顾及的只是女朋友凯莉（海伦•亨特 Helen Hunt 饰）。
                                    "
千钧一发,8.7,安德鲁·尼科尔,1997-10-24(美国),又名:,http://www.imdb.com/title/tt0119177,https://img3.doubanio.com/view/photo/s_ratio_poster/public/p2195672555.jpg,"
                                　　未来的世界，科技的力量胜过一切，基因决定命运，几乎成为金科玉律。不幸文森特（伊桑•霍克 Ethan Hawke  饰）是一个基因不良的人，出生以来就决定了他近视和心脏病的缺陷，他只能活到30岁。于是父母为文森特增添了一个有着优良基因的弟弟。
                                    "
爱·回家,9.0,李廷香,上映日期:,80分钟,http://www.thewayhome.co.kr,https://img3.doubanio.com/view/photo/s_ratio_poster/public/p2107418134.jpg,"
                                　　为了方便找工作，妈领着7岁的相宇（俞承浩饰）去乡下的外婆家，想把他暂时留在那里。外婆（金亦芬饰）年事已高，不能说话也不识字。而一直生活在城市里的孙子相宇，刚开始无法适应连游戏机、电池都没得卖的乡下生活。他开始蛮横地流露出不满，抱怨这个抱怨那。为了买电池，偷走外婆的银头簪拿去卖；外婆得知孙子想吃炸鸡，却只理解到鸡肉，炖了只鸡给孙子吃，却被生气的相宇踢翻了。
                                    "
我爱你,9.0,秋昌旼,上映日期:,118分钟,http://www.iloveyou2011.co.kr/,https://img1.doubanio.com/view/photo/s_ratio_poster/public/p1075591188.jpg,"
                                　　飘雪的坡道上，送牛奶的老头子金万皙（李顺载 饰）邂逅了收废品的老太太宋怡芬（尹秀晶 饰）。他们的前半生各自背负着艰辛的人生：万皙年轻时我行我素，直到妻子病逝才深觉愧疚；怡芬被心爱的男人抛弃在城市角落，孩子夭折后至老未嫁。两位老人在每天凌晨寂静的街道上相遇，孤独而苦难的生活令他们渐渐靠近。在万皙孙女妍儿（宋智孝 饰）的穿针引线下，如初恋般的悸动萌发在了彼此心中。万皙的朋友、停车场管理员张军峰（宋在河 饰）一直耐心的看护着患有老年痴呆症的老伴。直到有一天，军峰得知老伴已患绝症。目睹她一次次痛苦病发，心如刀绞的军峰做出了悲伤的决定……
                                    "
遗愿清单,8.5,罗伯·莱纳,上映日期:,片长:,http://www.imdb.com/title/tt0825232,https://img3.doubanio.com/view/photo/s_ratio_poster/public/p708613284.jpg,"
                                　　老富翁爱德华•科尔（杰克•尼克尔森 Jack Nicholson 饰）近年来在公立医院的私有化改造事业中获利颇丰，他为节省成本，规定病房“一房两床”的做法颇受非议，但性格强势的科尔不以为意，岂料他不久被检查出罹患癌症，本欲入住单人病房的科尔在舆论压力下只得与另一位病人——老卡特（摩根•弗里曼 Morgan Freeman 饰）同处一室。汽车修理技师老卡特博闻强识，将三个子女培养成才，但代价是牺牲了年轻时要做历史教授的梦想。曾经结婚多次如今却孤身一人的科尔逐渐对卡特产生了兴趣，两位老人在病房中结下了友谊。科尔偶然发现了卡特的“遗愿清单”，他决定运用自己的力量，让那些纸面上的疯狂构想一一实现，去发现人生的真正意义……
                        "
大卫·戈尔的一生,8.6,艾伦·帕克,上映日期:,130 分钟,http://www.imdb.com/title/tt0289992,https://img1.doubanio.com/view/photo/s_ratio_poster/public/p2186861098.jpg,"
                                　　贝茜•布鲁姆（凯特温斯莱 Kate Winslet饰）是纽约某新闻杂志的知名记者，她接到了一个任务是去采访一名死刑犯大卫•戈尔（凯文•斯帕西 Kevin Spacey 饰）。戈尔的罪名是强奸并谋杀了康丝坦斯•哈拉维，并将于周五下午6点被处以死刑，那么布鲁姆将要采访并记录的就是戈尔人生最后的三天，而此前戈尔拒绝了一切采访。布鲁姆起初对这个任务很不以为然，但在和戈尔的接触过程中，她发现一切并非表面呈现的那么简单，于是布鲁姆决定用仅剩的三天开始寻找真相……
                                    "
蓝色大门,8.3,易智言,语言:,片长:,http://bluegatecrossing.kingnet.com.tw,https://img3.doubanio.com/view/photo/s_ratio_poster/public/p584822570.jpg,"
                                　　高中生孟克柔（桂纶镁 饰）与林月珍（梁淑慧饰）是无话不谈的好友，月珍告诉克柔，说自己喜欢上了一个叫张士豪（陈柏霖 饰）的男生，便常常要求克柔帮她接近张士豪，帮忙认识他、帮忙传递情书。没想到张士豪以为喜欢自己的是孟克柔，所以也常常借故接近她，跟她在一起。传递情书的事，被张贴出来，原来林月珍是以孟克柔的名义给张士豪写信，孟克柔非常生气而从而跟林月珍的关系疏远了。另一边厢孟克柔极不愿意承认她与张士豪之间是恋人的关系，可是张士豪已深深喜欢上她。孟克柔想跟男生接吻，因为她想清楚一件事，原来她心里，喜欢的是另外一个人。
                        "
